experiment_id,measurement_id,replicate,receptor_concentration_nM,measured_anisotropy_value,outlier
30,1745,1,0.0,41.0,False
30,1746,2,0.0,43.0,False
30,1747,3,0.0,41.0,False
30,1748,1,1.0,42.0,False
30,1749,2,1.0,44.0,False
30,1750,3,1.0,41.0,False
30,1751,1,3.0,41.0,False
30,1752,2,3.0,41.0,False
30,1753,3,3.0,43.0,False
30,1754,1,6.0,39.0,False
30,1755,2,6.0,42.0,False
30,1756,3,6.0,38.0,False
30,1757,1,12.0,41.0,False
30,1758,2,12.0,43.0,False
30,1759,3,12.0,42.0,False
30,1760,1,25.0,47.0,False
30,1761,2,25.0,45.0,False
30,1762,3,25.0,48.0,False
30,1763,1,50.0,52.0,False
30,1764,2,50.0,54.0,False
30,1765,3,50.0,51.0,False
30,1766,1,100.0,62.0,False
30,1767,2,100.0,62.0,False
30,1768,3,100.0,61.0,False
30,1769,1,200.0,77.0,False
30,1770,2,200.0,77.0,False
30,1771,3,200.0,76.0,False
30,1772,1,400.0,97.0,False
30,1773,2,400.0,95.0,False
30,1774,3,400.0,97.0,False
30,1775,1,800.0,115.0,False
30,1776,2,800.0,113.0,False
30,1777,3,800.0,113.0,False
30,1778,1,1600.0,133.0,False
30,1779,2,1600.0,135.0,False
30,1780,3,1600.0,133.0,False
30,1781,1,3200.0,140.0,False
30,1782,2,3200.0,142.0,False
30,1783,3,3200.0,143.0,False
30,1784,1,6400.0,149.0,False
30,1785,2,6400.0,145.0,False
30,1786,3,6400.0,149.0,False
30,1787,1,12800.0,151.0,False
30,1788,2,12800.0,151.0,False
30,1789,3,12800.0,150.0,False
30,1790,1,25600.0,155.0,False
30,1791,2,25600.0,154.0,False
30,1792,3,25600.0,153.0,False
32,2099,1,0.0,46.0,False
32,2100,2,0.0,41.0,False
32,2101,3,0.0,43.0,False
32,2102,1,0.1,43.0,False
32,2103,2,0.1,42.0,False
32,2104,3,0.1,43.0,False
32,2105,1,0.25,42.0,False
32,2106,2,0.25,43.0,False
32,2107,3,0.25,42.0,False
32,2108,1,0.5,42.0,False
32,2109,2,0.5,45.0,False
32,2110,3,0.5,43.0,False
32,2111,1,1.0,43.0,False
32,2112,2,1.0,45.0,False
32,2113,3,1.0,65.0,True
32,2114,1,3.0,49.0,False
32,2115,2,3.0,48.0,False
32,2116,3,3.0,49.0,False
32,2117,1,6.0,54.0,False
32,2118,2,6.0,54.0,False
32,2119,3,6.0,56.0,False
32,2120,1,12.0,65.0,False
32,2121,2,12.0,66.0,False
32,2122,3,12.0,64.0,False
32,2123,1,25.0,92.0,False
32,2124,2,25.0,91.0,False
32,2125,3,25.0,88.0,False
32,2126,1,50.0,105.0,False
32,2127,2,50.0,104.0,False
32,2128,3,50.0,108.0,False
32,2129,1,100.0,118.0,False
32,2130,2,100.0,119.0,False
32,2131,3,100.0,116.0,False
32,2132,1,200.0,127.0,False
32,2133,2,200.0,129.0,False
32,2134,3,200.0,124.0,False
32,2135,1,400.0,130.0,False
32,2136,2,400.0,131.0,False
32,2137,3,400.0,133.0,False
32,2138,1,800.0,133.0,False
32,2139,2,800.0,131.0,False
32,2140,3,800.0,131.0,False
32,2141,1,1600.0,131.0,False
32,2142,2,1600.0,132.0,False
32,2143,3,1600.0,133.0,False
32,2144,1,3200.0,136.0,False
32,2145,2,3200.0,133.0,False
32,2146,3,3200.0,132.0,False
32,2147,1,6400.0,136.0,False
32,2148,2,6400.0,134.0,False
32,2149,3,6400.0,135.0,False
32,2150,1,12800.0,131.0,False
32,2151,2,12800.0,135.0,False
32,2152,3,12800.0,132.0,False
32,2153,1,25600.0,135.0,False
32,2154,2,25600.0,136.0,False
32,2155,3,25600.0,134.0,False
34,2213,1,0.0,44.0,False
34,2214,2,0.0,46.0,False
34,2215,3,0.0,45.0,False
34,2216,1,1.0,45.0,False
34,2217,2,1.0,46.0,False
34,2218,3,1.0,45.0,False
34,2219,1,3.0,46.0,False
34,2220,2,3.0,46.0,False
34,2221,3,3.0,44.0,False
34,2222,1,6.0,46.0,False
34,2223,2,6.0,45.0,False
34,2224,3,6.0,45.0,False
34,2225,1,12.0,43.0,False
34,2226,2,12.0,45.0,False
34,2227,3,12.0,44.0,False
34,2228,1,25.0,44.0,False
34,2229,2,25.0,45.0,False
34,2230,3,25.0,47.0,False
34,2231,1,50.0,46.0,False
34,2232,2,50.0,45.0,False
34,2233,3,50.0,44.0,False
34,2234,1,100.0,47.0,False
34,2235,2,100.0,47.0,False
34,2236,3,100.0,48.0,False
34,2237,1,200.0,48.0,False
34,2238,2,200.0,51.0,False
34,2239,3,200.0,52.0,False
34,2240,1,400.0,55.0,False
34,2241,2,400.0,55.0,False
34,2242,3,400.0,55.0,False
34,2243,1,800.0,60.0,False
34,2244,2,800.0,60.0,False
34,2245,3,800.0,59.0,False
34,2246,1,1600.0,67.0,False
34,2247,2,1600.0,66.0,False
34,2248,3,1600.0,68.0,False
34,2249,1,3200.0,73.0,False
34,2250,2,3200.0,73.0,False
34,2251,3,3200.0,73.0,False
34,2252,1,6400.0,76.0,False
34,2253,2,6400.0,77.0,False
34,2254,3,6400.0,76.0,False
34,2255,1,12800.0,80.0,False
34,2256,2,12800.0,78.0,False
34,2257,3,12800.0,77.0,False
34,2258,1,25600.0,81.0,False
34,2259,2,25600.0,81.0,False
34,2260,3,25600.0,83.0,False
39,2529,1,0.0,74.0,False
39,2530,2,0.0,74.0,False
39,2531,3,0.0,78.0,False
39,2532,1,1.0,74.0,False
39,2533,2,1.0,73.0,False
39,2534,3,1.0,77.0,False
39,2535,1,3.0,79.0,False
39,2536,2,3.0,74.0,False
39,2537,3,3.0,76.0,False
39,2538,1,6.0,72.0,False
39,2539,2,6.0,76.0,False
39,2540,3,6.0,77.0,False
39,2541,1,12.0,77.0,False
39,2542,2,12.0,77.0,False
39,2543,3,12.0,77.0,False
39,2544,1,25.0,75.0,False
39,2545,2,25.0,77.0,False
39,2546,3,25.0,76.0,False
39,2547,1,50.0,81.0,False
39,2548,2,50.0,76.0,False
39,2549,3,50.0,81.0,False
39,2550,1,100.0,85.0,False
39,2551,2,100.0,85.0,False
39,2552,3,100.0,85.0,False
39,2553,1,200.0,93.0,False
39,2554,2,200.0,99.0,False
39,2555,3,200.0,99.0,False
39,2556,1,400.0,109.0,False
39,2557,2,400.0,111.0,False
39,2558,3,400.0,109.0,False
39,2559,1,800.0,123.0,False
39,2560,2,800.0,119.0,False
39,2561,3,800.0,132.0,False
39,2562,1,1600.0,137.0,False
39,2563,2,1600.0,138.0,False
39,2564,3,1600.0,138.0,False
39,2565,1,3200.0,148.0,False
39,2566,2,3200.0,145.0,False
39,2567,3,3200.0,142.0,False
39,2568,1,6400.0,146.0,False
39,2569,2,6400.0,145.0,False
39,2570,3,6400.0,149.0,False
39,2571,1,12800.0,146.0,False
39,2572,2,12800.0,148.0,False
39,2573,3,12800.0,150.0,False
40,2580,1,0.0,39.0,False
40,2581,2,0.0,39.0,False
40,2582,3,0.0,41.0,False
40,2583,1,0.1,41.0,False
40,2584,2,0.1,43.0,False
40,2585,3,0.1,43.0,False
40,2586,1,0.25,43.0,False
40,2587,2,0.25,43.0,False
40,2588,3,0.25,42.0,False
40,2589,1,0.5,40.0,False
40,2590,2,0.5,41.0,False
40,2591,3,0.5,42.0,False
40,2592,1,1.0,43.0,False
40,2593,2,1.0,41.0,False
40,2594,3,1.0,43.0,False
40,2595,1,3.0,45.0,False
40,2596,2,3.0,42.0,False
40,2597,3,3.0,41.0,False
40,2598,1,6.0,46.0,False
40,2599,2,6.0,45.0,False
40,2600,3,6.0,42.0,False
40,2601,1,12.0,46.0,False
40,2602,2,12.0,47.0,False
40,2603,3,12.0,46.0,False
40,2604,1,25.0,52.0,False
40,2605,2,25.0,50.0,False
40,2606,3,25.0,49.0,False
40,2607,1,50.0,59.0,False
40,2608,2,50.0,55.0,False
40,2609,3,50.0,58.0,False
40,2610,1,100.0,74.0,False
40,2611,2,100.0,76.0,False
40,2612,3,100.0,74.0,False
40,2613,1,200.0,90.0,False
40,2614,2,200.0,88.0,False
40,2615,3,200.0,90.0,False
40,2616,1,400.0,103.0,False
40,2617,2,400.0,104.0,False
40,2618,3,400.0,104.0,False
40,2619,1,800.0,115.0,False
40,2620,2,800.0,115.0,False
40,2621,3,800.0,111.0,False
40,2622,1,1600.0,119.0,False
40,2623,2,1600.0,120.0,False
40,2624,3,1600.0,120.0,False
40,2625,1,3200.0,124.0,False
40,2626,2,3200.0,125.0,False
40,2627,3,3200.0,123.0,False
40,2628,1,6400.0,121.0,False
40,2629,2,6400.0,122.0,False
40,2630,3,6400.0,124.0,False
40,2631,1,12800.0,126.0,False
40,2632,2,12800.0,125.0,False
40,2633,3,12800.0,126.0,False
40,2634,1,25600.0,126.0,False
40,2635,2,25600.0,129.0,False
40,2636,3,25600.0,126.0,False
41,2805,1,0.0,45.0,False
41,2806,2,0.0,40.0,False
41,2807,3,0.0,39.0,False
41,2808,1,0.1,43.0,False
41,2809,2,0.1,41.0,False
41,2810,3,0.1,39.0,False
41,2811,1,0.25,43.0,False
41,2812,2,0.25,42.0,False
41,2813,3,0.25,43.0,False
41,2814,1,0.5,40.0,False
41,2815,2,0.5,43.0,False
41,2816,3,0.5,41.0,False
41,2817,1,1.0,42.0,False
41,2818,2,1.0,43.0,False
41,2819,3,1.0,45.0,False
41,2820,1,3.0,48.0,False
41,2821,2,3.0,49.0,False
41,2822,3,3.0,46.0,False
41,2823,1,6.0,55.0,False
41,2824,2,6.0,51.0,False
41,2825,3,6.0,56.0,False
41,2826,1,12.0,60.0,False
41,2827,2,12.0,61.0,False
41,2828,3,12.0,64.0,False
41,2829,1,25.0,87.0,False
41,2830,2,25.0,87.0,False
41,2831,3,25.0,90.0,False
41,2832,1,50.0,103.0,False
41,2833,2,50.0,107.0,False
41,2834,3,50.0,104.0,False
41,2835,1,100.0,115.0,False
41,2836,2,100.0,116.0,False
41,2837,3,100.0,113.0,False
41,2838,1,200.0,123.0,False
41,2839,2,200.0,124.0,False
41,2840,3,200.0,123.0,False
41,2841,1,400.0,127.0,False
41,2842,2,400.0,126.0,False
41,2843,3,400.0,124.0,False
41,2844,1,800.0,127.0,False
41,2845,2,800.0,125.0,False
41,2846,3,800.0,127.0,False
41,2847,1,1600.0,127.0,False
41,2848,2,1600.0,129.0,False
41,2849,3,1600.0,129.0,False
41,2850,1,3200.0,131.0,False
41,2851,2,3200.0,129.0,False
41,2852,3,3200.0,128.0,False
41,2853,1,6400.0,129.0,False
41,2854,2,6400.0,126.0,False
41,2855,3,6400.0,129.0,False
41,2856,1,12800.0,131.0,False
41,2857,2,12800.0,131.0,False
41,2858,3,12800.0,130.0,False
41,2859,1,25600.0,133.0,False
41,2860,2,25600.0,129.0,False
41,2861,3,25600.0,130.0,False
42,2862,1,0.0,43.0,False
42,2863,2,0.0,45.0,False
42,2864,3,0.0,45.0,False
42,2865,1,1.0,46.0,False
42,2866,2,1.0,43.0,False
42,2867,3,1.0,45.0,False
42,2868,1,3.0,42.0,False
42,2869,2,3.0,42.0,False
42,2870,3,3.0,45.0,False
42,2871,1,6.0,44.0,False
42,2872,2,6.0,42.0,False
42,2873,3,6.0,47.0,False
42,2874,1,12.0,45.0,False
42,2875,2,12.0,47.0,False
42,2876,3,12.0,45.0,False
42,2877,1,25.0,47.0,False
42,2878,2,25.0,45.0,False
42,2879,3,25.0,46.0,False
42,2880,1,50.0,48.0,False
42,2881,2,50.0,49.0,False
42,2882,3,50.0,47.0,False
42,2883,1,100.0,54.0,False
42,2884,2,100.0,53.0,False
42,2885,3,100.0,55.0,False
42,2886,1,200.0,64.0,False
42,2887,2,200.0,60.0,False
42,2888,3,200.0,59.0,False
42,2889,1,400.0,64.0,False
42,2890,2,400.0,68.0,False
42,2891,3,400.0,66.0,False
42,2892,1,800.0,72.0,False
42,2893,2,800.0,72.0,False
42,2894,3,800.0,72.0,False
42,2895,1,1600.0,79.0,False
42,2896,2,1600.0,79.0,False
42,2897,3,1600.0,79.0,False
42,2898,1,3200.0,84.0,False
42,2899,2,3200.0,82.0,False
42,2900,3,3200.0,84.0,False
42,2901,1,6400.0,88.0,False
42,2902,2,6400.0,88.0,False
42,2903,3,6400.0,87.0,False
42,2904,1,12800.0,90.0,False
42,2905,2,12800.0,89.0,False
42,2906,3,12800.0,87.0,False
42,2907,1,25600.0,91.0,False
42,2908,2,25600.0,88.0,False
42,2909,3,25600.0,90.0,False
43,2913,1,0.0,44.0,False
43,2914,2,0.0,44.0,False
43,2915,3,0.0,44.0,False
43,2916,1,1.0,47.0,False
43,2917,2,1.0,43.0,False
43,2918,3,1.0,46.0,False
43,2919,1,3.0,44.0,False
43,2920,2,3.0,45.0,False
43,2921,3,3.0,45.0,False
43,2922,1,6.0,46.0,False
43,2923,2,6.0,44.0,False
43,2924,3,6.0,44.0,False
43,2925,1,12.0,44.0,False
43,2926,2,12.0,45.0,False
43,2927,3,12.0,45.0,False
43,2928,1,25.0,45.0,False
43,2929,2,25.0,47.0,False
43,2930,3,25.0,44.0,False
43,2931,1,50.0,47.0,False
43,2932,2,50.0,44.0,False
43,2933,3,50.0,48.0,False
43,2934,1,100.0,49.0,False
43,2935,2,100.0,49.0,False
43,2936,3,100.0,49.0,False
43,2937,1,200.0,53.0,False
43,2938,2,200.0,54.0,False
43,2939,3,200.0,55.0,False
43,2940,1,400.0,60.0,False
43,2941,2,400.0,59.0,False
43,2942,3,400.0,60.0,False
43,2943,1,800.0,65.0,False
43,2944,2,800.0,65.0,False
43,2945,3,800.0,64.0,False
43,2946,1,1600.0,74.0,False
43,2947,2,1600.0,73.0,False
43,2948,3,1600.0,70.0,False
43,2949,1,3200.0,78.0,False
43,2950,2,3200.0,79.0,False
43,2951,3,3200.0,76.0,False
43,2952,1,6400.0,81.0,False
43,2953,2,6400.0,81.0,False
43,2954,3,6400.0,82.0,False
43,2955,1,12800.0,83.0,False
43,2956,2,12800.0,83.0,False
43,2957,3,12800.0,83.0,False
43,2958,1,25600.0,87.0,False
43,2959,2,25600.0,85.0,False
43,2960,3,25600.0,86.0,False
44,2964,1,0.0,49.0,False
44,2965,2,0.0,45.0,False
44,2966,3,0.0,47.0,False
44,2967,1,1.0,45.0,False
44,2968,2,1.0,46.0,False
44,2969,3,1.0,45.0,False
44,2970,1,3.0,46.0,False
44,2971,2,3.0,47.0,False
44,2972,3,3.0,45.0,False
44,2973,1,6.0,47.0,False
44,2974,2,6.0,48.0,False
44,2975,3,6.0,47.0,False
44,2976,1,12.0,47.0,False
44,2977,2,12.0,48.0,False
44,2978,3,12.0,46.0,False
44,2979,1,25.0,48.0,False
44,2980,2,25.0,49.0,False
44,2981,3,25.0,48.0,False
44,2982,1,50.0,51.0,False
44,2983,2,50.0,50.0,False
44,2984,3,50.0,50.0,False
44,2985,1,100.0,55.0,False
44,2986,2,100.0,54.0,False
44,2987,3,100.0,55.0,False
44,2988,1,200.0,59.0,False
44,2989,2,200.0,60.0,False
44,2990,3,200.0,57.0,False
44,2991,1,400.0,63.0,False
44,2992,2,400.0,62.0,False
44,2993,3,400.0,62.0,False
44,2994,1,800.0,68.0,False
44,2995,2,800.0,71.0,False
44,2996,3,800.0,71.0,False
44,2997,1,1600.0,76.0,False
44,2998,2,1600.0,75.0,False
44,2999,3,1600.0,78.0,False
44,3000,1,3200.0,83.0,False
44,3001,2,3200.0,79.0,False
44,3002,3,3200.0,78.0,False
44,3003,1,6400.0,81.0,False
44,3004,2,6400.0,84.0,False
44,3005,3,6400.0,86.0,False
44,3006,1,12800.0,87.0,False
44,3007,2,12800.0,85.0,False
44,3008,3,12800.0,86.0,False
44,3009,1,25600.0,90.0,False
44,3010,2,25600.0,89.0,False
44,3011,3,25600.0,89.0,False
45,3072,1,0.0,42.0,False
45,3073,2,0.0,40.0,False
45,3074,3,0.0,43.0,False
45,3075,1,0.1,45.0,False
45,3076,2,0.1,41.0,False
45,3077,3,0.1,46.0,False
45,3078,1,0.25,46.0,False
45,3079,2,0.25,46.0,False
45,3080,3,0.25,44.0,False
45,3081,1,0.5,47.0,False
45,3082,2,0.5,46.0,False
45,3083,3,0.5,47.0,False
45,3084,1,1.0,47.0,False
45,3085,2,1.0,56.0,False
45,3086,3,1.0,50.0,False
45,3087,1,3.0,53.0,False
45,3088,2,3.0,86.0,True
45,3089,3,3.0,54.0,False
45,3090,1,6.0,64.0,False
45,3091,2,6.0,78.0,False
45,3092,3,6.0,63.0,False
45,3093,1,12.0,81.0,False
45,3094,2,12.0,82.0,False
45,3095,3,12.0,84.0,False
45,3096,1,25.0,102.0,False
45,3097,2,25.0,101.0,False
45,3098,3,25.0,100.0,False
45,3099,1,50.0,116.0,False
45,3100,2,50.0,113.0,False
45,3101,3,50.0,117.0,False
45,3102,1,100.0,127.0,False
45,3103,2,100.0,131.0,False
45,3104,3,100.0,130.0,False
45,3105,1,200.0,131.0,False
45,3106,2,200.0,133.0,False
45,3107,3,200.0,134.0,False
45,3108,1,400.0,135.0,False
45,3109,2,400.0,134.0,False
45,3110,3,400.0,134.0,False
45,3111,1,800.0,138.0,False
45,3112,2,800.0,135.0,False
45,3113,3,800.0,136.0,False
45,3114,1,1600.0,136.0,False
45,3115,2,1600.0,136.0,False
45,3116,3,1600.0,135.0,False
45,3117,1,3200.0,138.0,False
45,3118,2,3200.0,136.0,False
45,3119,3,3200.0,135.0,False
45,3120,1,6400.0,141.0,False
45,3121,2,6400.0,140.0,False
45,3122,3,6400.0,137.0,False
45,3123,1,12800.0,139.0,False
45,3124,2,12800.0,138.0,False
45,3125,3,12800.0,137.0,False
45,3126,1,25600.0,138.0,False
45,3127,2,25600.0,140.0,False
45,3128,3,25600.0,138.0,False
62,3507,1,0.0,46.0,False
62,3508,2,0.0,46.0,False
62,3509,3,0.0,45.0,False
62,3510,1,0.1,46.0,False
62,3511,2,0.1,47.0,False
62,3512,3,0.1,45.0,False
62,3513,1,0.25,49.0,False
62,3514,2,0.25,45.0,False
62,3515,3,0.25,44.0,False
62,3516,1,0.5,51.0,False
62,3517,2,0.5,46.0,False
62,3518,3,0.5,44.0,False
62,3519,1,1.0,48.0,False
62,3520,2,1.0,48.0,False
62,3521,3,1.0,48.0,False
62,3522,1,3.0,56.0,False
62,3523,2,3.0,58.0,False
62,3524,3,3.0,63.0,False
62,3525,1,6.0,65.0,False
62,3526,2,6.0,67.0,False
62,3527,3,6.0,67.0,False
62,3528,1,12.0,86.0,False
62,3529,2,12.0,83.0,False
62,3530,3,12.0,79.0,False
62,3531,1,25.0,107.0,False
62,3532,2,25.0,110.0,False
62,3533,3,25.0,107.0,False
62,3534,1,50.0,123.0,False
62,3535,2,50.0,122.0,False
62,3536,3,50.0,121.0,False
62,3537,1,100.0,128.0,False
62,3538,2,100.0,129.0,False
62,3539,3,100.0,130.0,False
62,3540,1,200.0,137.0,False
62,3541,2,200.0,132.0,False
62,3542,3,200.0,132.0,False
62,3543,1,400.0,135.0,False
62,3544,2,400.0,137.0,False
62,3545,3,400.0,134.0,False
62,3546,1,800.0,138.0,False
62,3547,2,800.0,139.0,False
62,3548,3,800.0,137.0,False
62,3549,1,1600.0,139.0,False
62,3550,2,1600.0,136.0,False
62,3551,3,1600.0,137.0,False
62,3552,1,3200.0,137.0,False
62,3553,2,3200.0,138.0,False
62,3554,3,3200.0,136.0,False
62,3555,1,6400.0,136.0,False
62,3556,2,6400.0,137.0,False
62,3557,3,6400.0,135.0,False
62,3558,1,12800.0,142.0,False
62,3559,2,12800.0,144.0,False
62,3560,3,12800.0,138.0,False
62,3561,1,25600.0,139.0,False
62,3562,2,25600.0,137.0,False
62,3563,3,25600.0,138.0,False
63,3363,1,0.0,50.0,False
63,3364,2,0.0,50.0,False
63,3365,3,0.0,45.0,False
63,3366,1,1.0,49.0,False
63,3367,2,1.0,50.0,False
63,3368,3,1.0,47.0,False
63,3369,1,3.0,48.0,False
63,3370,2,3.0,48.0,False
63,3371,3,3.0,46.0,False
63,3372,1,6.0,47.0,False
63,3373,2,6.0,48.0,False
63,3374,3,6.0,53.0,False
63,3375,1,12.0,55.0,False
63,3376,2,12.0,50.0,False
63,3377,3,12.0,52.0,False
63,3378,1,25.0,51.0,False
63,3379,2,25.0,54.0,False
63,3380,3,25.0,52.0,False
63,3381,1,50.0,61.0,False
63,3382,2,50.0,60.0,False
63,3383,3,50.0,61.0,False
63,3384,1,100.0,68.0,False
63,3385,2,100.0,69.0,False
63,3386,3,100.0,67.0,False
63,3387,1,200.0,88.0,False
63,3388,2,200.0,83.0,False
63,3389,3,200.0,88.0,False
63,3390,1,400.0,101.0,False
63,3391,2,400.0,95.0,False
63,3392,3,400.0,100.0,False
63,3393,1,800.0,113.0,False
63,3394,2,800.0,107.0,False
63,3395,3,800.0,111.0,False
63,3396,1,1600.0,118.0,False
63,3397,2,1600.0,118.0,False
63,3398,3,1600.0,116.0,False
63,3399,1,3200.0,121.0,False
63,3400,2,3200.0,122.0,False
63,3401,3,3200.0,122.0,False
63,3402,1,6400.0,125.0,False
63,3403,2,6400.0,127.0,False
63,3404,3,6400.0,124.0,False
63,3405,1,12800.0,127.0,False
63,3406,2,12800.0,125.0,False
63,3407,3,12800.0,125.0,False
63,3408,1,25600.0,125.0,False
63,3409,2,25600.0,128.0,False
63,3410,3,25600.0,123.0,False
65,3459,1,0.0,48.0,False
65,3460,2,0.0,46.0,False
65,3461,3,0.0,46.0,False
65,3462,1,1.0,49.0,False
65,3463,2,1.0,48.0,False
65,3464,3,1.0,47.0,False
65,3465,1,3.0,48.0,False
65,3466,2,3.0,46.0,False
65,3467,3,3.0,49.0,False
65,3468,1,6.0,49.0,False
65,3469,2,6.0,49.0,False
65,3470,3,6.0,48.0,False
65,3471,1,12.0,49.0,False
65,3472,2,12.0,48.0,False
65,3473,3,12.0,49.0,False
65,3474,1,25.0,52.0,False
65,3475,2,25.0,52.0,False
65,3476,3,25.0,49.0,False
65,3477,1,50.0,56.0,False
65,3478,2,50.0,54.0,False
65,3479,3,50.0,54.0,False
65,3480,1,100.0,58.0,False
65,3481,2,100.0,59.0,False
65,3482,3,100.0,59.0,False
65,3483,1,200.0,65.0,False
65,3484,2,200.0,65.0,False
65,3485,3,200.0,65.0,False
65,3486,1,400.0,69.0,False
65,3487,2,400.0,68.0,False
65,3488,3,400.0,71.0,False
65,3489,1,800.0,74.0,False
65,3490,2,800.0,73.0,False
65,3491,3,800.0,74.0,False
65,3492,1,1600.0,80.0,False
65,3493,2,1600.0,79.0,False
65,3494,3,1600.0,79.0,False
65,3495,1,3200.0,84.0,False
65,3496,2,3200.0,88.0,False
65,3497,3,3200.0,82.0,False
65,3498,1,6400.0,86.0,False
65,3499,2,6400.0,83.0,False
65,3500,3,6400.0,86.0,False
65,3501,1,12800.0,88.0,False
65,3502,2,12800.0,87.0,False
65,3503,3,12800.0,89.0,False
65,3504,1,25600.0,91.0,False
65,3505,2,25600.0,90.0,False
65,3506,3,25600.0,90.0,False
66,3715,1,0.0,45.0,False
66,3716,2,0.0,43.0,False
66,3717,3,0.0,45.0,False
66,3718,1,0.1,45.0,False
66,3719,2,0.1,42.0,False
66,3720,3,0.1,41.0,False
66,3721,1,0.25,47.0,False
66,3722,2,0.25,46.0,False
66,3723,3,0.25,46.0,False
66,3724,1,0.5,46.0,False
66,3725,2,0.5,45.0,False
66,3726,3,0.5,42.0,False
66,3727,1,1.0,49.0,False
66,3728,2,1.0,49.0,False
66,3729,3,1.0,47.0,False
66,3730,1,3.0,55.0,False
66,3731,2,3.0,51.0,False
66,3732,3,3.0,55.0,False
66,3733,1,6.0,65.0,False
66,3734,2,6.0,60.0,False
66,3735,3,6.0,67.0,False
66,3736,1,12.0,82.0,False
66,3737,2,12.0,82.0,False
66,3738,3,12.0,78.0,False
66,3739,1,25.0,96.0,False
66,3740,2,25.0,99.0,False
66,3741,3,25.0,100.0,False
66,3742,1,50.0,111.0,False
66,3743,2,50.0,112.0,False
66,3744,3,50.0,114.0,False
66,3745,1,100.0,127.0,False
66,3746,2,100.0,126.0,False
66,3747,3,100.0,128.0,False
66,3748,1,200.0,130.0,False
66,3749,2,200.0,132.0,False
66,3750,3,200.0,131.0,False
66,3751,1,400.0,136.0,False
66,3752,2,400.0,136.0,False
66,3753,3,400.0,138.0,False
66,3754,1,800.0,137.0,False
66,3755,2,800.0,139.0,False
66,3756,3,800.0,135.0,False
66,3757,1,1600.0,133.0,False
66,3758,2,1600.0,139.0,False
66,3759,3,1600.0,138.0,False
66,3760,1,3200.0,139.0,False
66,3761,2,3200.0,139.0,False
66,3762,3,3200.0,138.0,False
66,3763,1,6400.0,139.0,False
66,3764,2,6400.0,138.0,False
66,3765,3,6400.0,143.0,False
66,3766,1,12800.0,141.0,False
66,3767,2,12800.0,143.0,False
66,3768,3,12800.0,141.0,False
66,3769,1,25600.0,145.0,False
66,3770,2,25600.0,142.0,False
66,3771,3,25600.0,142.0,False
67,3667,1,0.0,47.0,False
67,3668,2,0.0,47.0,False
67,3669,3,0.0,46.0,False
67,3670,1,1.0,48.0,False
67,3671,2,1.0,46.0,False
67,3672,3,1.0,45.0,False
67,3673,1,3.0,43.0,False
67,3674,2,3.0,46.0,False
67,3675,3,3.0,45.0,False
67,3676,1,6.0,45.0,False
67,3677,2,6.0,48.0,False
67,3678,3,6.0,46.0,False
67,3679,1,12.0,47.0,False
67,3680,2,12.0,47.0,False
67,3681,3,12.0,46.0,False
67,3682,1,25.0,46.0,False
67,3683,2,25.0,50.0,False
67,3684,3,25.0,48.0,False
67,3685,1,50.0,48.0,False
67,3686,2,50.0,49.0,False
67,3687,3,50.0,50.0,False
67,3688,1,100.0,52.0,False
67,3689,2,100.0,50.0,False
67,3690,3,100.0,51.0,False
67,3691,1,200.0,57.0,False
67,3692,2,200.0,55.0,False
67,3693,3,200.0,56.0,False
67,3694,1,400.0,59.0,False
67,3695,2,400.0,56.0,False
67,3696,3,400.0,58.0,False
67,3697,1,800.0,64.0,False
67,3698,2,800.0,64.0,False
67,3699,3,800.0,65.0,False
67,3700,1,1600.0,70.0,False
67,3701,2,1600.0,69.0,False
67,3702,3,1600.0,70.0,False
67,3703,1,3200.0,78.0,False
67,3704,2,3200.0,73.0,False
67,3705,3,3200.0,75.0,False
67,3706,1,6400.0,79.0,False
67,3707,2,6400.0,78.0,False
67,3708,3,6400.0,78.0,False
67,3709,1,12800.0,81.0,False
67,3710,2,12800.0,82.0,False
67,3711,3,12800.0,81.0,False
67,3712,1,25600.0,88.0,False
67,3713,2,25600.0,87.0,False
67,3714,3,25600.0,83.0,False
68,3877,1,0.0,43.0,False
68,3878,2,0.0,43.0,False
68,3879,3,0.0,55.0,False
68,3880,1,0.1,44.0,False
68,3881,2,0.1,42.0,False
68,3882,3,0.1,43.0,False
68,3883,1,0.25,45.0,False
68,3884,2,0.25,43.0,False
68,3885,3,0.25,46.0,False
68,3886,1,0.5,44.0,False
68,3887,2,0.5,44.0,False
68,3888,3,0.5,47.0,False
68,3889,1,1.0,49.0,False
68,3890,2,1.0,47.0,False
68,3891,3,1.0,45.0,False
68,3892,1,3.0,49.0,False
68,3893,2,3.0,54.0,False
68,3894,3,3.0,57.0,False
68,3895,1,6.0,63.0,False
68,3896,2,6.0,63.0,False
68,3897,3,6.0,62.0,False
68,3898,1,12.0,82.0,False
68,3899,2,12.0,84.0,False
68,3900,3,12.0,85.0,False
68,3901,1,25.0,106.0,False
68,3902,2,25.0,102.0,False
68,3903,3,25.0,106.0,False
68,3904,1,50.0,117.0,False
68,3905,2,50.0,116.0,False
68,3906,3,50.0,117.0,False
68,3907,1,100.0,130.0,False
68,3908,2,100.0,132.0,False
68,3909,3,100.0,132.0,False
68,3910,1,200.0,135.0,False
68,3911,2,200.0,131.0,False
68,3912,3,200.0,134.0,False
68,3913,1,400.0,139.0,False
68,3914,2,400.0,133.0,False
68,3915,3,400.0,136.0,False
68,3916,1,800.0,138.0,False
68,3917,2,800.0,135.0,False
68,3918,3,800.0,139.0,False
68,3919,1,1600.0,137.0,False
68,3920,2,1600.0,136.0,False
68,3921,3,1600.0,138.0,False
68,3922,1,3200.0,138.0,False
68,3923,2,3200.0,142.0,False
68,3924,3,3200.0,141.0,False
68,3925,1,6400.0,139.0,False
68,3926,2,6400.0,139.0,False
68,3927,3,6400.0,142.0,False
68,3928,1,12800.0,138.0,False
68,3929,2,12800.0,138.0,False
68,3930,3,12800.0,142.0,False
68,3931,1,25600.0,143.0,False
68,3932,2,25600.0,140.0,False
68,3933,3,25600.0,142.0,False
69,4675,1,0.0,44.0,False
69,4676,2,0.0,42.0,False
69,4677,3,0.0,43.0,False
69,4678,1,0.1,42.0,False
69,4679,2,0.1,44.0,False
69,4680,3,0.1,45.0,False
69,4681,1,0.25,47.0,False
69,4682,2,0.25,45.0,False
69,4683,3,0.25,47.0,False
69,4684,1,0.5,43.0,False
69,4685,2,0.5,43.0,False
69,4686,3,0.5,43.0,False
69,4687,1,1.0,45.0,False
69,4688,2,1.0,46.0,False
69,4689,3,1.0,47.0,False
69,4690,1,3.0,52.0,False
69,4691,2,3.0,53.0,False
69,4692,3,3.0,53.0,False
69,4693,1,6.0,62.0,False
69,4694,2,6.0,63.0,False
69,4695,3,6.0,67.0,False
69,4696,1,12.0,89.0,False
69,4697,2,12.0,88.0,False
69,4698,3,12.0,88.0,False
69,4699,1,25.0,107.0,False
69,4700,2,25.0,104.0,False
69,4701,3,25.0,104.0,False
69,4702,1,50.0,118.0,False
69,4703,2,50.0,122.0,False
69,4704,3,50.0,122.0,False
69,4705,1,100.0,132.0,False
69,4706,2,100.0,127.0,False
69,4707,3,100.0,130.0,False
69,4708,1,200.0,134.0,False
69,4709,2,200.0,131.0,False
69,4710,3,200.0,135.0,False
69,4711,1,400.0,135.0,False
69,4712,2,400.0,139.0,False
69,4713,3,400.0,136.0,False
69,4714,1,800.0,135.0,False
69,4715,2,800.0,140.0,False
69,4716,3,800.0,135.0,False
69,4717,1,1600.0,136.0,False
69,4718,2,1600.0,136.0,False
69,4719,3,1600.0,142.0,False
69,4720,1,3200.0,142.0,False
69,4721,2,3200.0,138.0,False
69,4722,3,3200.0,143.0,False
69,4723,1,6400.0,143.0,False
69,4724,2,6400.0,141.0,False
69,4725,3,6400.0,140.0,False
69,4726,1,12800.0,140.0,False
69,4727,2,12800.0,143.0,False
69,4728,3,12800.0,144.0,False
69,4729,1,25600.0,141.0,False
69,4730,2,25600.0,146.0,False
69,4731,3,25600.0,142.0,False
70,3991,1,0.0,47.0,False
70,3992,2,0.0,46.0,False
70,3993,3,0.0,45.0,False
70,3994,1,1.0,46.0,False
70,3995,2,1.0,47.0,False
70,3996,3,1.0,45.0,False
70,3997,1,3.0,46.0,False
70,3998,2,3.0,46.0,False
70,3999,3,3.0,47.0,False
70,4000,1,6.0,48.0,False
70,4001,2,6.0,49.0,False
70,4002,3,6.0,49.0,False
70,4003,1,12.0,48.0,False
70,4004,2,12.0,48.0,False
70,4005,3,12.0,46.0,False
70,4006,1,25.0,49.0,False
70,4007,2,25.0,47.0,False
70,4008,3,25.0,49.0,False
70,4009,1,50.0,50.0,False
70,4010,2,50.0,50.0,False
70,4011,3,50.0,48.0,False
70,4012,1,100.0,55.0,False
70,4013,2,100.0,52.0,False
70,4014,3,100.0,52.0,False
70,4015,1,200.0,58.0,False
70,4016,2,200.0,56.0,False
70,4017,3,200.0,58.0,False
70,4018,1,400.0,59.0,False
70,4019,2,400.0,61.0,False
70,4020,3,400.0,61.0,False
70,4021,1,800.0,66.0,False
70,4022,2,800.0,65.0,False
70,4023,3,800.0,66.0,False
70,4024,1,1600.0,72.0,False
70,4025,2,1600.0,69.0,False
70,4026,3,1600.0,72.0,False
70,4027,1,3200.0,78.0,False
70,4028,2,3200.0,76.0,False
70,4029,3,3200.0,77.0,False
70,4030,1,6400.0,81.0,False
70,4031,2,6400.0,78.0,False
70,4032,3,6400.0,78.0,False
70,4033,1,12800.0,79.0,False
70,4034,2,12800.0,81.0,False
70,4035,3,12800.0,79.0,False
70,4036,1,25600.0,80.0,False
70,4037,2,25600.0,82.0,False
70,4038,3,25600.0,81.0,False
78,4303,1,0.0,38.0,False
78,4304,2,0.0,41.0,False
78,4305,3,0.0,38.0,False
78,4306,1,1.0,41.0,False
78,4307,2,1.0,39.0,False
78,4308,3,1.0,42.0,False
78,4309,1,3.0,40.0,False
78,4310,2,3.0,42.0,False
78,4311,3,3.0,39.0,False
78,4312,1,6.0,41.0,False
78,4313,2,6.0,41.0,False
78,4314,3,6.0,43.0,False
78,4315,1,12.0,48.0,False
78,4316,2,12.0,46.0,False
78,4317,3,12.0,45.0,False
78,4318,1,25.0,53.0,False
78,4319,2,25.0,52.0,False
78,4320,3,25.0,54.0,False
78,4321,1,50.0,63.0,False
78,4322,2,50.0,63.0,False
78,4323,3,50.0,64.0,False
78,4324,1,100.0,88.0,False
78,4325,2,100.0,84.0,False
78,4326,3,100.0,81.0,False
78,4327,1,200.0,105.0,False
78,4328,2,200.0,104.0,False
78,4329,3,200.0,106.0,False
78,4330,1,400.0,124.0,False
78,4331,2,400.0,122.0,False
78,4332,3,400.0,121.0,False
78,4333,1,800.0,137.0,False
78,4334,2,800.0,129.0,False
78,4335,3,800.0,136.0,False
78,4336,1,1600.0,148.0,False
78,4337,2,1600.0,144.0,False
78,4338,3,1600.0,146.0,False
78,4339,1,3200.0,150.0,False
78,4340,2,3200.0,148.0,False
78,4341,3,3200.0,149.0,False
78,4342,1,6400.0,153.0,False
78,4343,2,6400.0,153.0,False
78,4344,3,6400.0,154.0,False
78,4345,1,12800.0,152.0,False
78,4346,2,12800.0,156.0,False
78,4347,3,12800.0,153.0,False
78,4348,1,25600.0,156.0,False
78,4349,2,25600.0,154.0,False
78,4350,3,25600.0,153.0,False
83,4837,1,0.0,44.0,False
83,4838,2,0.0,45.0,False
83,4839,3,0.0,45.0,False
83,4840,1,1.0,45.0,False
83,4841,2,1.0,44.0,False
83,4842,3,1.0,44.0,False
83,4843,1,3.0,45.0,False
83,4844,2,3.0,46.0,False
83,4845,3,3.0,45.0,False
83,4846,1,6.0,46.0,False
83,4847,2,6.0,45.0,False
83,4848,3,6.0,46.0,False
83,4849,1,12.0,46.0,False
83,4850,2,12.0,46.0,False
83,4851,3,12.0,45.0,False
83,4852,1,25.0,47.0,False
83,4853,2,25.0,46.0,False
83,4854,3,25.0,47.0,False
83,4855,1,50.0,46.0,False
83,4856,2,50.0,47.0,False
83,4857,3,50.0,48.0,False
83,4858,1,100.0,48.0,False
83,4859,2,100.0,49.0,False
83,4860,3,100.0,48.0,False
83,4861,1,200.0,51.0,False
83,4862,2,200.0,52.0,False
83,4863,3,200.0,52.0,False
83,4864,1,400.0,56.0,False
83,4865,2,400.0,56.0,False
83,4866,3,400.0,57.0,False
83,4867,1,800.0,60.0,False
83,4868,2,800.0,62.0,False
83,4869,3,800.0,61.0,False
83,4870,1,1600.0,68.0,False
83,4871,2,1600.0,67.0,False
83,4872,3,1600.0,68.0,False
83,4873,1,3200.0,72.0,False
83,4874,2,3200.0,70.0,False
83,4875,3,3200.0,71.0,False
83,4876,1,6400.0,76.0,False
83,4877,2,6400.0,79.0,False
83,4878,3,6400.0,77.0,False
83,4879,1,12800.0,79.0,False
83,4880,2,12800.0,79.0,False
83,4881,3,12800.0,80.0,False
83,4882,1,25600.0,80.0,False
83,4883,2,25600.0,82.0,False
83,4884,3,25600.0,83.0,False
84,4888,1,0.0,47.0,False
84,4889,2,0.0,45.0,False
84,4890,3,0.0,45.0,False
84,4891,1,1.0,43.0,False
84,4892,2,1.0,46.0,False
84,4893,3,1.0,46.0,False
84,4894,1,3.0,45.0,False
84,4895,2,3.0,46.0,False
84,4896,3,3.0,44.0,False
84,4897,1,6.0,45.0,False
84,4898,2,6.0,45.0,False
84,4899,3,6.0,45.0,False
84,4900,1,12.0,45.0,False
84,4901,2,12.0,46.0,False
84,4902,3,12.0,47.0,False
84,4903,1,25.0,48.0,False
84,4904,2,25.0,49.0,False
84,4905,3,25.0,47.0,False
84,4906,1,50.0,47.0,False
84,4907,2,50.0,48.0,False
84,4908,3,50.0,47.0,False
84,4909,1,100.0,48.0,False
84,4910,2,100.0,51.0,False
84,4911,3,100.0,51.0,False
84,4912,1,200.0,54.0,False
84,4913,2,200.0,54.0,False
84,4914,3,200.0,54.0,False
84,4915,1,400.0,58.0,False
84,4916,2,400.0,61.0,False
84,4917,3,400.0,58.0,False
84,4918,1,800.0,64.0,False
84,4919,2,800.0,63.0,False
84,4920,3,800.0,61.0,False
84,4921,1,1600.0,71.0,False
84,4922,2,1600.0,70.0,False
84,4923,3,1600.0,68.0,False
84,4924,1,3200.0,76.0,False
84,4925,2,3200.0,76.0,False
84,4926,3,3200.0,75.0,False
84,4927,1,6400.0,78.0,False
84,4928,2,6400.0,80.0,False
84,4929,3,6400.0,80.0,False
84,4930,1,12800.0,82.0,False
84,4931,2,12800.0,83.0,False
84,4932,3,12800.0,81.0,False
84,4933,1,25600.0,84.0,False
84,4934,2,25600.0,82.0,False
84,4935,3,25600.0,82.0,False
85,5041,1,0.0,43.0,False
85,5042,2,0.0,42.0,False
85,5043,3,0.0,41.0,False
85,5044,1,1.0,49.0,False
85,5045,2,1.0,47.0,False
85,5046,3,1.0,49.0,False
85,5047,1,3.0,57.0,False
85,5048,2,3.0,52.0,False
85,5049,3,3.0,55.0,False
85,5050,1,6.0,64.0,False
85,5051,2,6.0,75.0,False
85,5052,3,6.0,94.0,True
85,5053,1,12.0,84.0,False
85,5054,2,12.0,87.0,False
85,5055,3,12.0,110.0,True
85,5056,1,25.0,108.0,False
85,5057,2,25.0,104.0,False
85,5058,3,25.0,101.0,False
85,5059,1,50.0,123.0,False
85,5060,2,50.0,126.0,False
85,5061,3,50.0,123.0,False
85,5062,1,100.0,128.0,False
85,5063,2,100.0,127.0,False
85,5064,3,100.0,127.0,False
85,5065,1,200.0,131.0,False
85,5066,2,200.0,131.0,False
85,5067,3,200.0,135.0,False
85,5068,1,400.0,136.0,False
85,5069,2,400.0,135.0,False
85,5070,3,400.0,135.0,False
85,5071,1,800.0,137.0,False
85,5072,2,800.0,139.0,False
85,5073,3,800.0,142.0,False
85,5074,1,1600.0,136.0,False
85,5075,2,1600.0,138.0,False
85,5076,3,1600.0,138.0,False
85,5077,1,3200.0,139.0,False
85,5078,2,3200.0,141.0,False
85,5079,3,3200.0,139.0,False
85,5080,1,6400.0,141.0,False
85,5081,2,6400.0,139.0,False
85,5082,3,6400.0,138.0,False
85,5083,1,12800.0,136.0,False
85,5084,2,12800.0,139.0,False
85,5085,3,12800.0,140.0,False
85,5086,1,25600.0,137.0,False
85,5087,2,25600.0,138.0,False
85,5088,3,25600.0,139.0,False
86,5092,1,0.0,43.0,False
86,5093,2,0.0,42.0,False
86,5094,3,0.0,41.0,False
86,5095,1,1.0,46.0,False
86,5096,2,1.0,44.0,False
86,5097,3,1.0,43.0,False
86,5098,1,3.0,50.0,False
86,5099,2,3.0,52.0,False
86,5100,3,3.0,55.0,False
86,5101,1,6.0,54.0,False
86,5102,2,6.0,60.0,False
86,5103,3,6.0,58.0,False
86,5104,1,12.0,65.0,False
86,5105,2,12.0,65.0,False
86,5106,3,12.0,67.0,False
86,5107,1,25.0,88.0,False
86,5108,2,25.0,83.0,False
86,5109,3,25.0,83.0,False
86,5110,1,50.0,102.0,False
86,5111,2,50.0,99.0,False
86,5112,3,50.0,99.0,False
86,5113,1,100.0,116.0,False
86,5114,2,100.0,115.0,False
86,5115,3,100.0,116.0,False
86,5116,1,200.0,122.0,False
86,5117,2,200.0,125.0,False
86,5118,3,200.0,125.0,False
86,5119,1,400.0,134.0,False
86,5120,2,400.0,136.0,False
86,5121,3,400.0,130.0,False
86,5122,1,800.0,134.0,False
86,5123,2,800.0,131.0,False
86,5124,3,800.0,136.0,False
86,5125,1,1600.0,136.0,False
86,5126,2,1600.0,136.0,False
86,5127,3,1600.0,132.0,False
86,5128,1,3200.0,133.0,False
86,5129,2,3200.0,134.0,False
86,5130,3,3200.0,136.0,False
86,5131,1,6400.0,137.0,False
86,5132,2,6400.0,136.0,False
86,5133,3,6400.0,136.0,False
86,5134,1,12800.0,135.0,False
86,5135,2,12800.0,134.0,False
86,5136,3,12800.0,134.0,False
86,5137,1,25600.0,137.0,False
86,5138,2,25600.0,137.0,False
86,5139,3,25600.0,135.0,False
92,5401,1,0.0,45.0,False
92,5402,2,0.0,46.0,False
92,5403,3,0.0,45.0,False
92,5404,1,0.1,46.0,False
92,5405,2,0.1,45.0,False
92,5406,3,0.1,46.0,False
92,5407,1,0.25,45.0,False
92,5408,2,0.25,46.0,False
92,5409,3,0.25,42.0,False
92,5410,1,0.5,45.0,False
92,5411,2,0.5,46.0,False
92,5412,3,0.5,47.0,False
92,5413,1,1.0,47.0,False
92,5414,2,1.0,42.0,False
92,5415,3,1.0,39.0,False
92,5416,1,3.0,47.0,False
92,5417,2,3.0,47.0,False
92,5418,3,3.0,46.0,False
92,5419,1,6.0,47.0,False
92,5420,2,6.0,44.0,False
92,5421,3,6.0,49.0,False
92,5422,1,12.0,48.0,False
92,5423,2,12.0,51.0,False
92,5424,3,12.0,47.0,False
92,5425,1,25.0,53.0,False
92,5426,2,25.0,55.0,False
92,5427,3,25.0,56.0,False
92,5428,1,50.0,79.0,False
92,5429,2,50.0,64.0,False
92,5430,3,50.0,62.0,False
92,5431,1,100.0,73.0,False
92,5432,2,100.0,74.0,False
92,5433,3,100.0,77.0,False
92,5434,1,200.0,95.0,False
92,5435,2,200.0,93.0,False
92,5436,3,200.0,93.0,False
92,5437,1,400.0,108.0,False
92,5438,2,400.0,108.0,False
92,5439,3,400.0,108.0,False
92,5440,1,800.0,118.0,False
92,5441,2,800.0,115.0,False
92,5442,3,800.0,117.0,False
92,5443,1,1600.0,123.0,False
92,5444,2,1600.0,121.0,False
92,5445,3,1600.0,120.0,False
92,5446,1,3200.0,125.0,False
92,5447,2,3200.0,124.0,False
92,5448,3,3200.0,125.0,False
92,5449,1,6400.0,125.0,False
92,5450,2,6400.0,124.0,False
92,5451,3,6400.0,123.0,False
92,5452,1,12800.0,126.0,False
92,5453,2,12800.0,128.0,False
92,5454,3,12800.0,130.0,False
95,5611,1,0.0,46.0,False
95,5612,2,0.0,47.0,False
95,5613,3,0.0,46.0,False
95,5614,1,1.0,45.0,False
95,5615,2,1.0,44.0,False
95,5616,3,1.0,45.0,False
95,5617,1,3.0,47.0,False
95,5618,2,3.0,45.0,False
95,5619,3,3.0,45.0,False
95,5620,1,6.0,46.0,False
95,5621,2,6.0,46.0,False
95,5622,3,6.0,50.0,False
95,5623,1,12.0,47.0,False
95,5624,2,12.0,46.0,False
95,5625,3,12.0,51.0,False
95,5626,1,25.0,50.0,False
95,5627,2,25.0,51.0,False
95,5628,3,25.0,49.0,False
95,5629,1,50.0,52.0,False
95,5630,2,50.0,52.0,False
95,5631,3,50.0,53.0,False
95,5632,1,100.0,59.0,False
95,5633,2,100.0,57.0,False
95,5634,3,100.0,55.0,False
95,5635,1,200.0,63.0,False
95,5636,2,200.0,64.0,False
95,5637,3,200.0,66.0,False
95,5638,1,400.0,70.0,False
95,5639,2,400.0,69.0,False
95,5640,3,400.0,70.0,False
95,5641,1,800.0,75.0,False
95,5642,2,800.0,75.0,False
95,5643,3,800.0,76.0,False
95,5644,1,1600.0,78.0,False
95,5645,2,1600.0,79.0,False
95,5646,3,1600.0,77.0,False
95,5647,1,3200.0,86.0,False
95,5648,2,3200.0,85.0,False
95,5649,3,3200.0,82.0,False
95,5650,1,6400.0,87.0,False
95,5651,2,6400.0,87.0,False
95,5652,3,6400.0,86.0,False
95,5653,1,12800.0,87.0,False
95,5654,2,12800.0,87.0,False
95,5655,3,12800.0,91.0,False
95,5656,1,25600.0,92.0,False
95,5657,2,25600.0,90.0,False
95,5658,3,25600.0,89.0,False
96,5662,1,0.0,47.0,False
96,5663,2,0.0,47.0,False
96,5664,3,0.0,46.0,False
96,5665,1,1.0,47.0,False
96,5666,2,1.0,46.0,False
96,5667,3,1.0,47.0,False
96,5668,1,3.0,45.0,False
96,5669,2,3.0,46.0,False
96,5670,3,3.0,46.0,False
96,5671,1,6.0,48.0,False
96,5672,2,6.0,48.0,False
96,5673,3,6.0,45.0,False
96,5674,1,12.0,48.0,False
96,5675,2,12.0,49.0,False
96,5676,3,12.0,48.0,False
96,5677,1,25.0,50.0,False
96,5678,2,25.0,47.0,False
96,5679,3,25.0,50.0,False
96,5680,1,50.0,52.0,False
96,5681,2,50.0,51.0,False
96,5682,3,50.0,53.0,False
96,5683,1,100.0,56.0,False
96,5684,2,100.0,57.0,False
96,5685,3,100.0,56.0,False
96,5686,1,200.0,65.0,False
96,5687,2,200.0,63.0,False
96,5688,3,200.0,63.0,False
96,5689,1,400.0,67.0,False
96,5690,2,400.0,71.0,False
96,5691,3,400.0,67.0,False
96,5692,1,800.0,77.0,False
96,5693,2,800.0,75.0,False
96,5694,3,800.0,75.0,False
96,5695,1,1600.0,80.0,False
96,5696,2,1600.0,80.0,False
96,5697,3,1600.0,81.0,False
96,5698,1,3200.0,83.0,False
96,5699,2,3200.0,87.0,False
96,5700,3,3200.0,84.0,False
96,5701,1,6400.0,90.0,False
96,5702,2,6400.0,90.0,False
96,5703,3,6400.0,89.0,False
96,5704,1,12800.0,93.0,False
96,5705,2,12800.0,92.0,False
96,5706,3,12800.0,91.0,False
96,5707,1,25600.0,94.0,False
96,5708,2,25600.0,92.0,False
96,5709,3,25600.0,95.0,False
97,5713,1,0.0,44.0,False
97,5714,2,0.0,43.0,False
97,5715,3,0.0,44.0,False
97,5716,1,1.0,47.0,False
97,5717,2,1.0,46.0,False
97,5718,3,1.0,47.0,False
97,5719,1,3.0,45.0,False
97,5720,2,3.0,47.0,False
97,5721,3,3.0,45.0,False
97,5722,1,6.0,47.0,False
97,5723,2,6.0,45.0,False
97,5724,3,6.0,45.0,False
97,5725,1,12.0,45.0,False
97,5726,2,12.0,49.0,False
97,5727,3,12.0,45.0,False
97,5728,1,25.0,48.0,False
97,5729,2,25.0,48.0,False
97,5730,3,25.0,47.0,False
97,5731,1,50.0,50.0,False
97,5732,2,50.0,53.0,False
97,5733,3,50.0,53.0,False
97,5734,1,100.0,56.0,False
97,5735,2,100.0,57.0,False
97,5736,3,100.0,58.0,False
97,5737,1,200.0,63.0,False
97,5738,2,200.0,62.0,False
97,5739,3,200.0,60.0,False
97,5740,1,400.0,67.0,False
97,5741,2,400.0,68.0,False
97,5742,3,400.0,67.0,False
97,5743,1,800.0,72.0,False
97,5744,2,800.0,73.0,False
97,5745,3,800.0,72.0,False
97,5746,1,1600.0,76.0,False
97,5747,2,1600.0,76.0,False
97,5748,3,1600.0,78.0,False
97,5749,1,3200.0,79.0,False
97,5750,2,3200.0,79.0,False
97,5751,3,3200.0,80.0,False
97,5752,1,6400.0,82.0,False
97,5753,2,6400.0,83.0,False
97,5754,3,6400.0,79.0,False
97,5755,1,12800.0,84.0,False
97,5756,2,12800.0,83.0,False
97,5757,3,12800.0,83.0,False
97,5758,1,25600.0,83.0,False
97,5759,2,25600.0,83.0,False
97,5760,3,25600.0,85.0,False
106,5812,1,0.0,42.0,False
106,5813,2,0.0,44.0,False
106,5814,3,0.0,44.0,False
106,5815,1,1.0,45.0,False
106,5816,2,1.0,44.0,False
106,5817,3,1.0,43.0,False
106,5818,1,3.0,44.0,False
106,5819,2,3.0,44.0,False
106,5820,3,3.0,44.0,False
106,5821,1,6.0,46.0,False
106,5822,2,6.0,43.0,False
106,5823,3,6.0,48.0,False
106,5824,1,12.0,44.0,False
106,5825,2,12.0,47.0,False
106,5826,3,12.0,44.0,False
106,5827,1,25.0,52.0,False
106,5828,2,25.0,52.0,False
106,5829,3,25.0,53.0,False
106,5830,1,50.0,61.0,False
106,5831,2,50.0,63.0,False
106,5832,3,50.0,64.0,False
106,5833,1,100.0,77.0,False
106,5834,2,100.0,73.0,False
106,5835,3,100.0,72.0,False
106,5836,1,200.0,91.0,False
106,5837,2,200.0,97.0,False
106,5838,3,200.0,96.0,False
106,5839,1,400.0,107.0,False
106,5840,2,400.0,107.0,False
106,5841,3,400.0,109.0,False
106,5842,1,800.0,116.0,False
106,5843,2,800.0,119.0,False
106,5844,3,800.0,116.0,False
106,5845,1,1600.0,120.0,False
106,5846,2,1600.0,122.0,False
106,5847,3,1600.0,123.0,False
106,5848,1,3200.0,126.0,False
106,5849,2,3200.0,126.0,False
106,5850,3,3200.0,124.0,False
106,5851,1,6400.0,126.0,False
106,5852,2,6400.0,128.0,False
106,5853,3,6400.0,128.0,False
106,5854,1,12800.0,129.0,False
106,5855,2,12800.0,126.0,False
106,5856,3,12800.0,127.0,False
106,5857,1,25600.0,131.0,False
106,5858,2,25600.0,132.0,False
106,5859,3,25600.0,130.0,False
107,5860,1,0.0,49.0,False
107,5861,2,0.0,49.0,False
107,5862,3,0.0,45.0,False
107,5863,1,1.0,48.0,False
107,5864,2,1.0,49.0,False
107,5865,3,1.0,46.0,False
107,5866,1,3.0,45.0,False
107,5867,2,3.0,50.0,False
107,5868,3,3.0,47.0,False
107,5869,1,6.0,49.0,False
107,5870,2,6.0,48.0,False
107,5871,3,6.0,51.0,False
107,5872,1,12.0,45.0,False
107,5873,2,12.0,48.0,False
107,5874,3,12.0,48.0,False
107,5875,1,25.0,49.0,False
107,5876,2,25.0,50.0,False
107,5877,3,25.0,49.0,False
107,5878,1,50.0,49.0,False
107,5879,2,50.0,53.0,False
107,5880,3,50.0,51.0,False
107,5881,1,100.0,51.0,False
107,5882,2,100.0,54.0,False
107,5883,3,100.0,54.0,False
107,5884,1,200.0,58.0,False
107,5885,2,200.0,57.0,False
107,5886,3,200.0,53.0,False
107,5887,1,400.0,61.0,False
107,5888,2,400.0,60.0,False
107,5889,3,400.0,63.0,False
107,5890,1,800.0,64.0,False
107,5891,2,800.0,67.0,False
107,5892,3,800.0,65.0,False
107,5893,1,1600.0,72.0,False
107,5894,2,1600.0,72.0,False
107,5895,3,1600.0,73.0,False
107,5896,1,3200.0,78.0,False
107,5897,2,3200.0,77.0,False
107,5898,3,3200.0,78.0,False
107,5899,1,6400.0,84.0,False
107,5900,2,6400.0,82.0,False
107,5901,3,6400.0,83.0,False
107,5902,1,12800.0,87.0,False
107,5903,2,12800.0,87.0,False
107,5904,3,12800.0,86.0,False
107,5905,1,25600.0,92.0,False
107,5906,2,25600.0,89.0,False
107,5907,3,25600.0,90.0,False
108,5908,1,0.0,49.0,False
108,5909,2,0.0,46.0,False
108,5910,3,0.0,49.0,False
108,5911,1,1.0,48.0,False
108,5912,2,1.0,49.0,False
108,5913,3,1.0,49.0,False
108,5914,1,3.0,50.0,False
108,5915,2,3.0,49.0,False
108,5916,3,3.0,50.0,False
108,5917,1,6.0,51.0,False
108,5918,2,6.0,49.0,False
108,5919,3,6.0,48.0,False
108,5920,1,12.0,48.0,False
108,5921,2,12.0,50.0,False
108,5922,3,12.0,48.0,False
108,5923,1,25.0,53.0,False
108,5924,2,25.0,53.0,False
108,5925,3,25.0,55.0,False
108,5926,1,50.0,58.0,False
108,5927,2,50.0,57.0,False
108,5928,3,50.0,56.0,False
108,5929,1,100.0,63.0,False
108,5930,2,100.0,60.0,False
108,5931,3,100.0,64.0,False
108,5932,1,200.0,70.0,False
108,5933,2,200.0,73.0,False
108,5934,3,200.0,73.0,False
108,5935,1,400.0,81.0,False
108,5936,2,400.0,81.0,False
108,5937,3,400.0,82.0,False
108,5938,1,800.0,90.0,False
108,5939,2,800.0,89.0,False
108,5940,3,800.0,86.0,False
108,5941,1,1600.0,95.0,False
108,5942,2,1600.0,92.0,False
108,5943,3,1600.0,95.0,False
108,5944,1,3200.0,100.0,False
108,5945,2,3200.0,100.0,False
108,5946,3,3200.0,101.0,False
108,5947,1,6400.0,103.0,False
108,5948,2,6400.0,101.0,False
108,5949,3,6400.0,101.0,False
108,5950,1,12800.0,103.0,False
108,5951,2,12800.0,103.0,False
108,5952,3,12800.0,104.0,False
108,5953,1,25600.0,105.0,False
108,5954,2,25600.0,106.0,False
108,5955,3,25600.0,104.0,False
119,6516,1,0.0,44.0,False
119,6517,2,0.0,43.0,False
119,6518,3,0.0,42.0,False
119,6519,4,0.0,45.0,False
119,6520,1,1.0,47.0,False
119,6521,2,1.0,44.0,False
119,6522,3,1.0,47.0,False
119,6523,4,1.0,46.0,False
119,6524,1,3.0,44.0,False
119,6525,2,3.0,44.0,False
119,6526,3,3.0,46.0,False
119,6527,4,3.0,46.0,False
119,6528,1,6.0,44.0,False
119,6529,2,6.0,46.0,False
119,6530,3,6.0,47.0,False
119,6531,4,6.0,44.0,False
119,6532,1,12.0,46.0,False
119,6533,2,12.0,47.0,False
119,6534,3,12.0,47.0,False
119,6535,4,12.0,46.0,False
119,6536,1,25.0,49.0,False
119,6537,2,25.0,49.0,False
119,6538,3,25.0,49.0,False
119,6539,4,25.0,48.0,False
119,6540,1,50.0,52.0,False
119,6541,2,50.0,52.0,False
119,6542,3,50.0,54.0,False
119,6543,4,50.0,53.0,False
119,6544,1,100.0,57.0,False
119,6545,2,100.0,57.0,False
119,6546,3,100.0,57.0,False
119,6547,4,100.0,56.0,False
119,6548,1,200.0,64.0,False
119,6549,2,200.0,62.0,False
119,6550,3,200.0,61.0,False
119,6551,4,200.0,62.0,False
119,6552,1,400.0,68.0,False
119,6553,2,400.0,67.0,False
119,6554,3,400.0,67.0,False
119,6555,4,400.0,70.0,False
119,6556,1,800.0,77.0,False
119,6557,2,800.0,76.0,False
119,6558,3,800.0,75.0,False
119,6559,4,800.0,74.0,False
119,6560,1,1600.0,79.0,False
119,6561,2,1600.0,79.0,False
119,6562,3,1600.0,80.0,False
119,6563,4,1600.0,79.0,False
119,6564,1,3200.0,82.0,False
119,6565,2,3200.0,82.0,False
119,6566,3,3200.0,82.0,False
119,6567,4,3200.0,84.0,False
119,6568,1,6400.0,84.0,False
119,6569,2,6400.0,90.0,False
119,6570,3,6400.0,86.0,False
119,6571,4,6400.0,86.0,False
119,6572,1,12800.0,92.0,False
119,6573,2,12800.0,90.0,False
119,6574,3,12800.0,90.0,False
119,6575,4,12800.0,91.0,False
119,6576,1,25600.0,91.0,False
119,6577,2,25600.0,93.0,False
119,6578,3,25600.0,94.0,False
119,6579,4,25600.0,89.0,False
120,6580,1,0.0,42.0,False
120,6581,2,0.0,42.0,False
120,6582,3,0.0,42.0,False
120,6583,4,0.0,44.0,False
120,6584,1,1.0,43.0,False
120,6585,2,1.0,44.0,False
120,6586,3,1.0,44.0,False
120,6587,4,1.0,45.0,False
120,6588,1,3.0,44.0,False
120,6589,2,3.0,42.0,False
120,6590,3,3.0,44.0,False
120,6591,4,3.0,44.0,False
120,6592,1,6.0,41.0,False
120,6593,2,6.0,43.0,False
120,6594,3,6.0,42.0,False
120,6595,4,6.0,45.0,False
120,6596,1,12.0,46.0,False
120,6597,2,12.0,46.0,False
120,6598,3,12.0,47.0,False
120,6599,4,12.0,47.0,False
120,6600,1,25.0,48.0,False
120,6601,2,25.0,51.0,False
120,6602,3,25.0,50.0,False
120,6603,4,25.0,50.0,False
120,6604,1,50.0,57.0,False
120,6605,2,50.0,54.0,False
120,6606,3,50.0,57.0,False
120,6607,4,50.0,56.0,False
120,6608,1,100.0,72.0,False
120,6609,2,100.0,69.0,False
120,6610,3,100.0,70.0,False
120,6611,4,100.0,69.0,False
120,6612,1,200.0,84.0,False
120,6613,2,200.0,83.0,False
120,6614,3,200.0,85.0,False
120,6615,4,200.0,83.0,False
120,6616,1,400.0,98.0,False
120,6617,2,400.0,98.0,False
120,6618,3,400.0,99.0,False
120,6619,4,400.0,98.0,False
120,6620,1,800.0,108.0,False
120,6621,2,800.0,107.0,False
120,6622,3,800.0,107.0,False
120,6623,4,800.0,110.0,False
120,6624,1,1600.0,116.0,False
120,6625,2,1600.0,115.0,False
120,6626,3,1600.0,113.0,False
120,6627,4,1600.0,114.0,False
120,6628,1,3200.0,121.0,False
120,6629,2,3200.0,119.0,False
120,6630,3,3200.0,120.0,False
120,6631,4,3200.0,118.0,False
120,6632,1,6400.0,121.0,False
120,6633,2,6400.0,122.0,False
120,6634,3,6400.0,123.0,False
120,6635,4,6400.0,123.0,False
120,6636,1,12800.0,125.0,False
120,6637,2,12800.0,123.0,False
120,6638,3,12800.0,125.0,False
120,6639,4,12800.0,122.0,False
120,6640,1,25600.0,124.0,False
120,6641,2,25600.0,124.0,False
120,6642,3,25600.0,123.0,False
120,6643,4,25600.0,123.0,False
121,6644,1,0.0,70.0,False
121,6645,2,0.0,72.0,False
121,6646,3,0.0,75.0,False
121,6647,4,0.0,71.0,False
121,6648,1,1.0,69.0,False
121,6649,2,1.0,69.0,False
121,6650,3,1.0,74.0,False
121,6651,4,1.0,70.0,False
121,6652,1,3.0,74.0,False
121,6653,2,3.0,69.0,False
121,6654,3,3.0,69.0,False
121,6655,4,3.0,71.0,False
121,6656,1,6.0,69.0,False
121,6657,2,6.0,71.0,False
121,6658,3,6.0,71.0,False
121,6659,4,6.0,72.0,False
121,6660,1,12.0,76.0,False
121,6661,2,12.0,72.0,False
121,6662,3,12.0,73.0,False
121,6663,4,12.0,72.0,False
121,6664,1,25.0,77.0,False
121,6665,2,25.0,74.0,False
121,6666,3,25.0,73.0,False
121,6667,4,25.0,72.0,False
121,6668,1,50.0,78.0,False
121,6669,2,50.0,77.0,False
121,6670,3,50.0,79.0,False
121,6671,4,50.0,81.0,False
121,6672,1,100.0,85.0,False
121,6673,2,100.0,88.0,False
121,6674,3,100.0,84.0,False
121,6675,4,100.0,89.0,False
121,6676,1,200.0,99.0,False
121,6677,2,200.0,98.0,False
121,6678,3,200.0,98.0,False
121,6679,4,200.0,101.0,False
121,6680,1,400.0,115.0,False
121,6681,2,400.0,117.0,False
121,6682,3,400.0,116.0,False
121,6683,4,400.0,115.0,False
121,6684,1,800.0,121.0,False
121,6685,2,800.0,124.0,False
121,6686,3,800.0,128.0,False
121,6687,4,800.0,124.0,False
121,6688,1,1600.0,136.0,False
121,6689,2,1600.0,134.0,False
121,6690,3,1600.0,135.0,False
121,6691,4,1600.0,133.0,False
121,6692,1,3200.0,133.0,False
121,6693,2,3200.0,138.0,False
121,6694,3,3200.0,136.0,False
121,6695,4,3200.0,136.0,False
121,6696,1,6400.0,135.0,False
121,6697,2,6400.0,137.0,False
121,6698,3,6400.0,141.0,False
121,6699,4,6400.0,138.0,False
121,6700,1,12800.0,142.0,False
121,6701,2,12800.0,140.0,False
121,6702,3,12800.0,139.0,False
121,6703,4,12800.0,138.0,False
121,6704,1,25600.0,144.0,False
121,6705,2,25600.0,142.0,False
121,6706,3,25600.0,139.0,False
121,6707,4,25600.0,140.0,False
152,7965,1,0.0,47.0,False
152,7966,2,0.0,45.0,False
152,7967,3,0.0,46.0,False
152,7968,1,1.0,43.0,False
152,7969,2,1.0,46.0,False
152,7970,3,1.0,47.0,False
152,7971,1,3.0,46.0,False
152,7972,2,3.0,46.0,False
152,7973,3,3.0,46.0,False
152,7974,1,6.0,47.0,False
152,7975,2,6.0,47.0,False
152,7976,3,6.0,47.0,False
152,7977,1,12.0,47.0,False
152,7978,2,12.0,47.0,False
152,7979,3,12.0,46.0,False
152,7980,1,25.0,49.0,False
152,7981,2,25.0,50.0,False
152,7982,3,25.0,46.0,False
152,7983,1,50.0,50.0,False
152,7984,2,50.0,49.0,False
152,7985,3,50.0,45.0,False
152,7986,1,100.0,51.0,False
152,7987,2,100.0,52.0,False
152,7988,3,100.0,50.0,False
152,7989,1,200.0,56.0,False
152,7990,2,200.0,54.0,False
152,7991,3,200.0,53.0,False
152,7992,1,400.0,59.0,False
152,7993,2,400.0,59.0,False
152,7994,3,400.0,58.0,False
152,7995,1,800.0,61.0,False
152,7996,2,800.0,62.0,False
152,7997,3,800.0,61.0,False
152,7998,1,1600.0,67.0,False
152,7999,2,1600.0,66.0,False
152,8000,3,1600.0,69.0,False
152,8001,1,3200.0,71.0,False
152,8002,2,3200.0,70.0,False
152,8003,3,3200.0,72.0,False
152,8004,1,6400.0,76.0,False
152,8005,2,6400.0,76.0,False
152,8006,3,6400.0,72.0,False
152,8007,1,12800.0,79.0,False
152,8008,2,12800.0,77.0,False
152,8009,3,12800.0,76.0,False
152,8010,1,25600.0,82.0,False
152,8011,2,25600.0,79.0,False
152,8012,3,25600.0,79.0,False
153,8013,1,0.0,42.0,False
153,8014,2,0.0,40.0,False
153,8015,3,0.0,40.0,False
153,8016,1,1.0,38.0,False
153,8017,2,1.0,39.0,False
153,8018,3,1.0,43.0,False
153,8019,1,3.0,40.0,False
153,8020,2,3.0,42.0,False
153,8021,3,3.0,42.0,False
153,8022,1,6.0,42.0,False
153,8023,2,6.0,42.0,False
153,8024,3,6.0,41.0,False
153,8025,1,12.0,45.0,False
153,8026,2,12.0,42.0,False
153,8027,3,12.0,46.0,False
153,8028,1,25.0,150.0,True
153,8029,2,25.0,45.0,False
153,8030,3,25.0,45.0,False
153,8031,1,50.0,51.0,False
153,8032,2,50.0,49.0,False
153,8033,3,50.0,51.0,False
153,8034,1,100.0,64.0,False
153,8035,2,100.0,70.0,False
153,8036,3,100.0,70.0,False
153,8037,1,200.0,80.0,False
153,8038,2,200.0,80.0,False
153,8039,3,200.0,83.0,False
153,8040,1,400.0,99.0,False
153,8041,2,400.0,99.0,False
153,8042,3,400.0,103.0,False
153,8043,1,800.0,120.0,False
153,8044,2,800.0,120.0,False
153,8045,3,800.0,120.0,False
153,8046,1,1600.0,136.0,False
153,8047,2,1600.0,134.0,False
153,8048,3,1600.0,137.0,False
153,8049,1,3200.0,148.0,False
153,8050,2,3200.0,145.0,False
153,8051,3,3200.0,146.0,False
153,8052,1,6400.0,153.0,False
153,8053,2,6400.0,153.0,False
153,8054,3,6400.0,152.0,False
153,8055,1,12800.0,157.0,False
153,8056,2,12800.0,156.0,False
153,8057,3,12800.0,157.0,False
153,8058,1,25600.0,157.0,False
153,8059,2,25600.0,157.0,False
153,8060,3,25600.0,155.0,False
156,8061,1,0.0,68.0,False
156,8062,2,0.0,67.0,False
156,8063,3,0.0,67.0,False
156,8064,1,1.0,69.0,False
156,8065,2,1.0,68.0,False
156,8066,3,1.0,70.0,False
156,8067,1,3.0,70.0,False
156,8068,2,3.0,66.0,False
156,8069,3,3.0,71.0,False
156,8070,1,6.0,72.0,False
156,8071,2,6.0,71.0,False
156,8072,3,6.0,71.0,False
156,8073,1,12.0,71.0,False
156,8074,2,12.0,72.0,False
156,8075,3,12.0,70.0,False
156,8076,1,25.0,71.0,False
156,8077,2,25.0,72.0,False
156,8078,3,25.0,74.0,False
156,8079,1,50.0,77.0,False
156,8080,2,50.0,78.0,False
156,8081,3,50.0,76.0,False
156,8082,1,100.0,88.0,False
156,8083,2,100.0,88.0,False
156,8084,3,100.0,88.0,False
156,8085,1,200.0,102.0,False
156,8086,2,200.0,101.0,False
156,8087,3,200.0,102.0,False
156,8088,1,400.0,119.0,False
156,8089,2,400.0,114.0,False
156,8090,3,400.0,115.0,False
156,8091,1,800.0,127.0,False
156,8092,2,800.0,128.0,False
156,8093,3,800.0,129.0,False
156,8094,1,1600.0,135.0,False
156,8095,2,1600.0,137.0,False
156,8096,3,1600.0,134.0,False
156,8097,1,3200.0,142.0,False
156,8098,2,3200.0,143.0,False
156,8099,3,3200.0,139.0,False
156,8100,1,6400.0,141.0,False
156,8101,2,6400.0,142.0,False
156,8102,3,6400.0,142.0,False
156,8103,1,12800.0,141.0,False
156,8104,2,12800.0,144.0,False
156,8105,3,12800.0,143.0,False
156,8106,1,25600.0,144.0,False
156,8107,2,25600.0,146.0,False
156,8108,3,25600.0,141.0,False
157,8109,1,0.0,71.0,False
157,8110,2,0.0,69.0,False
157,8111,3,0.0,71.0,False
157,8112,1,1.0,72.0,False
157,8113,2,1.0,68.0,False
157,8114,3,1.0,67.0,False
157,8115,1,3.0,71.0,False
157,8116,2,3.0,69.0,False
157,8117,3,3.0,71.0,False
157,8118,1,6.0,71.0,False
157,8119,2,6.0,70.0,False
157,8120,3,6.0,70.0,False
157,8121,1,12.0,71.0,False
157,8122,2,12.0,74.0,False
157,8123,3,12.0,72.0,False
157,8124,1,25.0,75.0,False
157,8125,2,25.0,71.0,False
157,8126,3,25.0,73.0,False
157,8127,1,50.0,74.0,False
157,8128,2,50.0,79.0,False
157,8129,3,50.0,74.0,False
157,8130,1,100.0,82.0,False
157,8131,2,100.0,84.0,False
157,8132,3,100.0,86.0,False
157,8133,1,200.0,93.0,False
157,8134,2,200.0,95.0,False
157,8135,3,200.0,93.0,False
157,8136,1,400.0,104.0,False
157,8137,2,400.0,104.0,False
157,8138,3,400.0,107.0,False
157,8139,1,800.0,122.0,False
157,8140,2,800.0,117.0,False
157,8141,3,800.0,115.0,False
157,8142,1,1600.0,136.0,False
157,8143,2,1600.0,129.0,False
157,8144,3,1600.0,135.0,False
157,8145,1,3200.0,142.0,False
157,8146,2,3200.0,140.0,False
157,8147,3,3200.0,143.0,False
157,8148,1,6400.0,145.0,False
157,8149,2,6400.0,146.0,False
157,8150,3,6400.0,147.0,False
157,8151,1,12800.0,144.0,False
157,8152,2,12800.0,148.0,False
157,8153,3,12800.0,146.0,False
157,8154,1,25600.0,147.0,False
157,8155,2,25600.0,146.0,False
157,8156,3,25600.0,152.0,False
158,8157,1,0.0,42.0,False
158,8158,2,0.0,45.0,False
158,8159,3,0.0,43.0,False
158,8160,1,1.0,41.0,False
158,8161,2,1.0,41.0,False
158,8162,3,1.0,40.0,False
158,8163,1,3.0,41.0,False
158,8164,2,3.0,40.0,False
158,8165,3,3.0,43.0,False
158,8166,1,6.0,41.0,False
158,8167,2,6.0,43.0,False
158,8168,3,6.0,41.0,False
158,8169,1,12.0,40.0,False
158,8170,2,12.0,42.0,False
158,8171,3,12.0,43.0,False
158,8172,1,25.0,44.0,False
158,8173,2,25.0,44.0,False
158,8174,3,25.0,42.0,False
158,8175,1,50.0,43.0,False
158,8176,2,50.0,45.0,False
158,8177,3,50.0,47.0,False
158,8178,1,100.0,50.0,False
158,8179,2,100.0,48.0,False
158,8180,3,100.0,49.0,False
158,8181,1,200.0,60.0,False
158,8182,2,200.0,56.0,False
158,8183,3,200.0,59.0,False
158,8184,1,400.0,74.0,False
158,8185,2,400.0,72.0,False
158,8186,3,400.0,71.0,False
158,8187,1,800.0,86.0,False
158,8188,2,800.0,85.0,False
158,8189,3,800.0,87.0,False
158,8190,1,1600.0,103.0,False
158,8191,2,1600.0,101.0,False
158,8192,3,1600.0,102.0,False
158,8193,1,3200.0,119.0,False
158,8194,2,3200.0,117.0,False
158,8195,3,3200.0,116.0,False
158,8196,1,6400.0,127.0,False
158,8197,2,6400.0,127.0,False
158,8198,3,6400.0,130.0,False
158,8199,1,12800.0,131.0,False
158,8200,2,12800.0,132.0,False
158,8201,3,12800.0,129.0,False
158,8202,1,25600.0,139.0,False
158,8203,2,25600.0,139.0,False
158,8204,3,25600.0,137.0,False
159,8205,1,0.0,42.0,False
159,8206,2,0.0,42.0,False
159,8207,3,0.0,43.0,False
159,8208,1,1.0,43.0,False
159,8209,2,1.0,45.0,False
159,8210,3,1.0,46.0,False
159,8211,1,3.0,47.0,False
159,8212,2,3.0,48.0,False
159,8213,3,3.0,49.0,False
159,8214,1,6.0,54.0,False
159,8215,2,6.0,52.0,False
159,8216,3,6.0,54.0,False
159,8217,1,12.0,61.0,False
159,8218,2,12.0,60.0,False
159,8219,3,12.0,60.0,False
159,8220,1,25.0,82.0,False
159,8221,2,25.0,77.0,False
159,8222,3,25.0,80.0,False
159,8223,1,50.0,101.0,False
159,8224,2,50.0,102.0,False
159,8225,3,50.0,103.0,False
159,8226,1,100.0,124.0,False
159,8227,2,100.0,126.0,False
159,8228,3,100.0,124.0,False
159,8229,1,200.0,145.0,False
159,8230,2,200.0,146.0,False
159,8231,3,200.0,144.0,False
159,8232,1,400.0,157.0,False
159,8233,2,400.0,158.0,False
159,8234,3,400.0,159.0,False
159,8235,1,800.0,163.0,False
159,8236,2,800.0,165.0,False
159,8237,3,800.0,164.0,False
159,8238,1,1600.0,165.0,False
159,8239,2,1600.0,168.0,False
159,8240,3,1600.0,167.0,False
159,8241,1,3200.0,166.0,False
159,8242,2,3200.0,169.0,False
159,8243,3,3200.0,169.0,False
159,8244,1,6400.0,171.0,False
159,8245,2,6400.0,171.0,False
159,8246,3,6400.0,171.0,False
159,8247,1,12800.0,171.0,False
159,8248,2,12800.0,172.0,False
159,8249,3,12800.0,170.0,False
159,8250,1,25600.0,171.0,False
159,8251,2,25600.0,171.0,False
159,8252,3,25600.0,169.0,False
163,8397,1,0.0,74.0,False
163,8398,2,0.0,75.0,False
163,8399,3,0.0,75.0,False
163,8400,1,1.0,76.0,False
163,8401,2,1.0,73.0,False
163,8402,3,1.0,77.0,False
163,8403,1,3.0,50.0,True
163,8404,2,3.0,74.0,False
163,8405,3,3.0,74.0,False
163,8406,1,6.0,78.0,False
163,8407,2,6.0,78.0,False
163,8408,3,6.0,78.0,False
163,8409,1,12.0,78.0,False
163,8410,2,12.0,77.0,False
163,8411,3,12.0,81.0,False
163,8412,1,25.0,79.0,False
163,8413,2,25.0,81.0,False
163,8414,3,25.0,81.0,False
163,8415,1,50.0,89.0,False
163,8416,2,50.0,87.0,False
163,8417,3,50.0,88.0,False
163,8418,1,100.0,93.0,False
163,8419,2,100.0,96.0,False
163,8420,3,100.0,95.0,False
163,8421,1,200.0,106.0,False
163,8422,2,200.0,109.0,False
163,8423,3,200.0,110.0,False
163,8424,1,400.0,123.0,False
163,8425,2,400.0,121.0,False
163,8426,3,400.0,123.0,False
163,8427,1,800.0,136.0,False
163,8428,2,800.0,136.0,False
163,8429,3,800.0,135.0,False
163,8430,1,1600.0,146.0,False
163,8431,2,1600.0,143.0,False
163,8432,3,1600.0,146.0,False
163,8433,1,3200.0,148.0,False
163,8434,2,3200.0,148.0,False
163,8435,3,3200.0,149.0,False
163,8436,1,6400.0,152.0,False
163,8437,2,6400.0,152.0,False
163,8438,3,6400.0,151.0,False
163,8439,1,12800.0,151.0,False
163,8440,2,12800.0,149.0,False
163,8441,3,12800.0,150.0,False
163,8442,1,25600.0,147.0,False
163,8443,2,25600.0,147.0,False
163,8444,3,25600.0,146.0,False
165,8493,1,0.0,46.0,False
165,8494,2,0.0,44.0,False
165,8495,3,0.0,41.0,False
165,8496,1,0.1,42.0,False
165,8497,2,0.1,42.0,False
165,8498,3,0.1,41.0,False
165,8499,1,0.25,44.0,False
165,8500,2,0.25,40.0,False
165,8501,3,0.25,42.0,False
165,8502,1,0.5,42.0,False
165,8503,2,0.5,44.0,False
165,8504,3,0.5,43.0,False
165,8505,1,1.0,44.0,False
165,8506,2,1.0,43.0,False
165,8507,3,1.0,42.0,False
165,8508,1,3.0,49.0,False
165,8509,2,3.0,47.0,False
165,8510,3,3.0,50.0,False
165,8511,1,6.0,57.0,False
165,8512,2,6.0,56.0,False
165,8513,3,6.0,56.0,False
165,8514,1,12.0,67.0,False
165,8515,2,12.0,68.0,False
165,8516,3,12.0,68.0,False
165,8517,1,25.0,87.0,False
165,8518,2,25.0,85.0,False
165,8519,3,25.0,88.0,False
165,8520,1,50.0,102.0,False
165,8521,2,50.0,104.0,False
165,8522,3,50.0,100.0,False
165,8523,1,100.0,119.0,False
165,8524,2,100.0,119.0,False
165,8525,3,100.0,120.0,False
165,8526,1,200.0,121.0,False
165,8527,2,200.0,121.0,False
165,8528,3,200.0,123.0,False
165,8529,1,400.0,125.0,False
165,8530,2,400.0,128.0,False
165,8531,3,400.0,125.0,False
165,8532,1,800.0,130.0,False
165,8533,2,800.0,129.0,False
165,8534,3,800.0,128.0,False
165,8535,1,1600.0,130.0,False
165,8536,2,1600.0,130.0,False
165,8537,3,1600.0,129.0,False
165,8538,1,3200.0,133.0,False
165,8539,2,3200.0,134.0,False
165,8540,3,3200.0,133.0,False
165,8541,1,6400.0,133.0,False
165,8542,2,6400.0,131.0,False
165,8543,3,6400.0,134.0,False
165,8544,1,12800.0,131.0,False
165,8545,2,12800.0,136.0,False
165,8546,3,12800.0,134.0,False
165,8547,1,25600.0,132.0,False
165,8548,2,25600.0,132.0,False
165,8549,3,25600.0,134.0,False
166,8550,1,0.0,43.0,False
166,8551,2,0.0,39.0,False
166,8552,3,0.0,42.0,False
166,8553,1,0.1,40.0,False
166,8554,2,0.1,43.0,False
166,8555,3,0.1,41.0,False
166,8556,1,0.25,45.0,False
166,8557,2,0.25,46.0,False
166,8558,3,0.25,39.0,False
166,8559,1,0.5,42.0,False
166,8560,2,0.5,42.0,False
166,8561,3,0.5,46.0,False
166,8562,1,1.0,44.0,False
166,8563,2,1.0,45.0,False
166,8564,3,1.0,49.0,False
166,8565,1,3.0,46.0,False
166,8566,2,3.0,45.0,False
166,8567,3,3.0,46.0,False
166,8568,1,6.0,51.0,False
166,8569,2,6.0,51.0,False
166,8570,3,6.0,49.0,False
166,8571,1,12.0,57.0,False
166,8572,2,12.0,56.0,False
166,8573,3,12.0,55.0,False
166,8574,1,25.0,67.0,False
166,8575,2,25.0,64.0,False
166,8576,3,25.0,66.0,False
166,8577,1,50.0,88.0,False
166,8578,2,50.0,88.0,False
166,8579,3,50.0,91.0,False
166,8580,1,100.0,103.0,False
166,8581,2,100.0,103.0,False
166,8582,3,100.0,103.0,False
166,8583,1,200.0,114.0,False
166,8584,2,200.0,116.0,False
166,8585,3,200.0,113.0,False
166,8586,1,400.0,121.0,False
166,8587,2,400.0,117.0,False
166,8588,3,400.0,120.0,False
166,8589,1,800.0,121.0,False
166,8590,2,800.0,124.0,False
166,8591,3,800.0,124.0,False
166,8592,1,1600.0,124.0,False
166,8593,2,1600.0,122.0,False
166,8594,3,1600.0,126.0,False
166,8595,1,3200.0,127.0,False
166,8596,2,3200.0,125.0,False
166,8597,3,3200.0,123.0,False
166,8598,1,6400.0,129.0,False
166,8599,2,6400.0,127.0,False
166,8600,3,6400.0,129.0,False
166,8601,1,12800.0,128.0,False
166,8602,2,12800.0,126.0,False
166,8603,3,12800.0,126.0,False
166,8604,1,25600.0,129.0,False
166,8605,2,25600.0,131.0,False
166,8606,3,25600.0,125.0,False
