SBD_name,codon string (Ancestral only),LPPVK KD,LPPVK KD SE,LPPVK koff,LPPVK koff SE,"LPPVK T1/2, min.","LPPVK T1/2, min. SE",LPPVK kon,LPPVK kon SE,p5 KD,p5 KD SE,KD ratio,"dG,p5 - dG,LPPVK",p5 dG,p5 dG SE,LPPVK dG,LPPVK dG SE
AncCQ,00000000000000,179.00,5.00,2.56,0.06,16.22,0.39,3979,147.002,347.00,26.00,1.9,0.39,-8.81,0.04,-9.20,0.017
AncCQ+14 ,11111111111111,20.60,0.90,1.40,0.03,29.77,0.72,18838,942.087,1116.00,64.00,54.2,2.37,-8.12,0.03,-10.49,0.026
AncCQ+S471G (Sv7) ,00000001000000,42.00,2.10,1.21,0.03,34.34,0.96,8009,459.278,251.00,18.00,6.0,1.06,-9.00,0.04,-10.06,0.030
AncCQ+L440Y (Sv6) ,10000000000000,141.00,8.00,4.06,0.04,10.24,0.09,8004,459.959,418.00,30.00,3.0,0.64,-8.70,0.04,-9.35,0.034
AncCQ+T494K (Sv11) ,00000000010000,158.00,6.00,2.61,0.10,15.97,0.58,4580,241.127,408.00,28.00,2.6,0.56,-8.72,0.04,-9.28,0.022
AncCQ+S540N (Sv14) ,00000000000001,227.00,11.00,3.77,0.04,11.04,0.12,4608,229.153,322.00,27.00,1.4,0.21,-8.86,0.05,-9.06,0.029
"AncCQ+L440Y, S471G (Sv3) ",10000001000000,21.00,0.80,0.99,0.02,42.09,0.68,13069,540.976,305.00,25.00,14.5,1.59,-8.89,0.05,-10.47,0.023
"AncCQ+L440Y, A466V, S471G (Sv10) ",10000011000000,11.80,0.70,0.85,0.02,48.70,0.91,20104,1250.649,582.00,43.00,49.3,2.31,-8.51,0.04,-10.82,0.035
"AncCQ+L440Y, A466V, S471G, T494K (Sv12) ",10000011010000,19.70,1.00,0.80,0.02,51.99,0.97,11280,610.419,749.00,41.00,38.0,2.16,-8.36,0.03,-10.51,0.030
"AncCQ+L440Y, T445S, A466V, S471G (Sv17) ",11000011000000,15.10,0.70,0.97,0.04,42.70,1.58,17918,1062.309,916.00,81.00,60.7,2.43,-8.24,0.05,-10.67,0.027
"AncCQ+L440Y, R446P, A466V, S471G (Sv18) ",10100011000000,10.40,0.60,0.95,0.01,43.78,0.46,25374,1488.048,575.00,42.00,55.3,2.38,-8.51,0.04,-10.89,0.034
"AncCQ+L440Y, T445S, R446P, S471G (Sv9) ",11100001000000,26.40,1.10,0.91,0.02,45.95,0.96,9522,444.283,839.00,54.00,31.8,2.05,-8.29,0.04,-10.34,0.025
"AncCQ+L440Y, T445S, R446P, A466V, S471G (Sv8) ",11100011000000,9.50,0.60,0.93,0.04,44.77,1.93,27164,2076.353,1045.00,56.00,110.0,2.78,-8.16,0.03,-10.94,0.037
"AncCQ+L440Y, T445S, R446P, A466V, S471G, D532E (Sv1) ",11100011000010,11.80,0.70,0.77,0.01,54.15,0.49,18079,1085.074,1086.00,94.00,92.0,2.68,-8.14,0.05,-10.82,0.035
"AncCQ+I454V, T456V, S459T, E482G, T494K, T511S, A528T, S540N (Sv2) ",00011100111101,131.00,6.00,8.35,0.28,4.98,0.17,17710,1003.965,273.00,13.00,2.1,0.44,-8.95,0.03,-9.39,0.027
"AncCQ+ L440Y, T445S, R446P, I454V, T456V, S459T, A466V, S471G, E482G, T511S, A528T, D532E (Sv13) ",11111111101110,10.00,0.50,1.16,0.07,35.98,2.12,32111,2479.054,823.00,79.00,82.3,2.61,-8.30,0.06,-10.91,0.030
