,Ligand_Residue,Protein_Residue,Interaction_Type,Peptide_Atom_Groups,Frequency
0,VAL135.C,SER463.A,VdWContact,,0.9997666666666667
1,PRO134.C,TYR440.A,VdWContact,,0.9987333333333334
2,VAL135.C,SER463.A,Hbond,Backbone_Amide_N,0.9956333333333334
3,PRO134.C,TYR440.A,Hbond,Backbone_Carbonyl,0.9936666666666667
4,PRO134.C,THR439.A,VdWContact,,0.9932333333333333
5,PRO134.C,PHE462.A,VdWContact,,0.9538666666666666
6,VAL135.C,SER463.A,Hbond,Backbone_Carbonyl,0.9340333333333334
7,SER131.C,GLY471.A,VdWContact,,0.9177
8,PRO133.C,TYR440.A,VdWContact,,0.9024666666666666
9,LEU132.C,GLN469.A,VdWContact,,0.8949
10,PRO133.C,GLU473.A,VdWContact,,0.8940333333333333
11,LEU132.C,VAL472.A,VdWContact,,0.887
12,VAL135.C,ALA465.A,VdWContact,,0.8861
13,VAL135.C,PHE462.A,VdWContact,,0.8851333333333333
14,SER131.C,GLU473.A,VdWContact,,0.8835
15,LEU132.C,VAL466.A,VdWContact,,0.8381333333333333
16,LEU132.C,GLU473.A,VdWContact,,0.8254333333333334
17,PRO134.C,VAL472.A,VdWContact,,0.8193333333333334
18,PRO134.C,SER463.A,VdWContact,,0.7992666666666667
19,LEU130.C,GLN469.A,VdWContact,,0.7981666666666667
20,LYS136.C,PHE462.A,VdWContact,,0.7632
21,LEU130.C,THR470.A,VdWContact,,0.7608
22,LEU132.C,GLU473.A,Hbond,Backbone_Carbonyl,0.7516
23,PRO133.C,GLU438.A,VdWContact,,0.7156666666666667
24,LEU132.C,TYR440.A,VdWContact,,0.7101333333333333
25,LEU137.C,ILE461.A,VdWContact,,0.7067333333333333
26,PRO134.C,GLU438.A,VdWContact,,0.7057666666666667
27,PRO134.C,GLU473.A,VdWContact,,0.6722
28,LEU137.C,SER463.A,VdWContact,,0.6464666666666666
29,VAL135.C,TYR440.A,VdWContact,,0.6257666666666667
30,LEU130.C,THR470.A,Hbond,Backbone_Carbonyl,0.5863333333333334
31,VAL135.C,THR464.A,VdWContact,,0.5663666666666667
32,PRO133.C,ARG475.A,VdWContact,,0.5389666666666667
33,LEU137.C,GLN507.A,VdWContact,,0.5285333333333333
34,LEU130.C,GLY471.A,VdWContact,,0.5186
35,VAL135.C,THR439.A,VdWContact,,0.4622
36,LEU132.C,GLY471.A,VdWContact,,0.4334
37,SER131.C,GLU473.A,Hbond,Sidechain,0.3893333333333333
38,SER131.C,LYS494.A,VdWContact,,0.3292
39,LEU130.C,VAL466.A,VdWContact,,0.32716666666666666
40,LEU137.C,PHE462.A,VdWContact,,0.3249
41,LYS136.C,GLU570.A,Cationic,Sidechain,0.3006
42,SER131.C,VAL472.A,VdWContact,,0.29323333333333335
43,LYS136.C,GLN460.A,VdWContact,,0.28846666666666665
44,LEU130.C,GLY471.A,Hbond,Backbone_Carbonyl,0.2880666666666667
45,LYS136.C,GLU570.A,VdWContact,,0.2840666666666667
46,LEU137.C,ILE461.A,Hbond,Backbone_Amide_N,0.2713
47,LYS136.C,SER445.A,VdWContact,,0.2709
48,LYS136.C,GLU570.A,Hbond,Sidechain,0.2696
49,SER131.C,GLN469.A,VdWContact,,0.25903333333333334
50,LEU132.C,GLY471.A,Hbond,Backbone_Amide_N,0.25706666666666667
51,LEU130.C,THR470.A,Hbond,N-terminus amine,0.23633333333333334
52,PRO134.C,ILE474.A,VdWContact,,0.23576666666666668
53,LEU132.C,GLN469.A,Hbond,Backbone_Amide_N,0.2279
54,LYS136.C,ILE461.A,VdWContact,,0.22393333333333335
55,PRO133.C,ALA465.A,VdWContact,,0.2076
56,LYS136.C,THR439.A,VdWContact,,0.17683333333333334
57,PRO134.C,ILE437.A,VdWContact,,0.15546666666666667
58,PRO133.C,GLN469.A,VdWContact,,0.1545
59,PRO133.C,THR439.A,VdWContact,,0.1464
60,LEU137.C,GLY504.A,VdWContact,,0.1451
61,LEU132.C,GLN469.A,Hbond,Backbone_Carbonyl,0.14396666666666666
62,LEU132.C,ALA465.A,VdWContact,,0.14063333333333333
63,HIS138.C,ILE461.A,VdWContact,,0.12363333333333333
64,SER131.C,GLU473.A,Hbond,Backbone_Carbonyl,0.11046666666666667
65,LEU130.C,GLY468.A,VdWContact,,0.10843333333333334
66,CYS139.C,ARG574.A,VdWContact,,0.09753333333333333
67,CYS139.C,ARG574.A,Anionic,C-terminus carboxylate,0.0839
68,LYS136.C,GLN460.A,Hbond,Sidechain,0.0738
69,PRO133.C,GLN469.A,Hbond,Backbone_Carbonyl,0.07366666666666667
70,PRO134.C,ALA465.A,VdWContact,,0.059033333333333333
71,LEU130.C,ASP467.A,VdWContact,,0.057866666666666663
72,CYS139.C,ARG574.A,Hbond,C-terminus carboxylate,0.05636666666666667
73,LYS136.C,SER463.A,VdWContact,,0.0527
74,LEU130.C,GLU473.A,VdWContact,,0.048233333333333336
75,LEU130.C,GLU473.A,Cationic,N-terminus amine,0.04713333333333333
76,LEU130.C,GLU473.A,Hbond,N-terminus amine,0.0463
77,HIS138.C,GLN460.A,VdWContact,,0.04356666666666666
78,CYS139.C,ARG566.A,VdWContact,,0.04203333333333333
79,CYS139.C,ILE461.A,VdWContact,,0.04086666666666667
80,LEU137.C,GLN460.A,VdWContact,,0.03966666666666667
81,HIS138.C,GLN507.A,VdWContact,,0.03836666666666667
82,SER131.C,GLU473.A,Hbond,Backbone_Amide_N,0.03816666666666667
83,HIS138.C,GLY504.A,VdWContact,,0.0345
84,VAL135.C,ASN573.A,VdWContact,,0.03426666666666667
85,VAL135.C,ARG566.A,VdWContact,,0.0337
86,CYS139.C,ASN573.A,VdWContact,,0.033433333333333336
87,LEU137.C,SER445.A,VdWContact,,0.033166666666666664
88,LYS136.C,VAL443.A,VdWContact,,0.032266666666666666
89,CYS139.C,GLU570.A,VdWContact,,0.0303
90,LEU130.C,GLN469.A,Hbond,N-terminus amine,0.0296
91,LEU130.C,GLN469.A,Hbond,Backbone_Carbonyl,0.027133333333333332
92,HIS138.C,GLN507.A,Hbond,Sidechain,0.0257
93,LEU137.C,SER445.A,Hbond,Backbone_Amide_N,0.024766666666666666
94,CYS139.C,GLN460.A,VdWContact,,0.023166666666666665
95,HIS138.C,GLU570.A,VdWContact,,0.0228
96,SER131.C,THR470.A,VdWContact,,0.022766666666666668
97,SER131.C,LYS494.A,Hbond,Sidechain,0.021933333333333332
98,HIS138.C,SER463.A,VdWContact,,0.021666666666666667
99,CYS139.C,ARG566.A,Anionic,C-terminus carboxylate,0.021466666666666665
100,PRO133.C,VAL472.A,VdWContact,,0.021366666666666666
101,LYS136.C,ARG566.A,VdWContact,,0.021166666666666667
102,HIS138.C,ARG574.A,VdWContact,,0.0211
103,PRO134.C,ILE508.A,VdWContact,,0.020933333333333335
104,CYS139.C,GLN577.A,VdWContact,,0.0195
105,LYS136.C,SER445.A,Hbond,Sidechain,0.0176
106,HIS138.C,LYS503.A,VdWContact,,0.017266666666666666
107,LYS136.C,ILE461.A,Hbond,Sidechain,0.016433333333333335
108,HIS138.C,THR464.A,VdWContact,,0.01633333333333333
109,HIS138.C,ASN573.A,VdWContact,,0.015133333333333334
110,LYS136.C,SER463.A,Hbond,Backbone_Carbonyl,0.015
111,CYS139.C,LYS503.A,VdWContact,,0.013466666666666667
112,SER131.C,GLY471.A,Hbond,Sidechain,0.013166666666666667
113,HIS138.C,GLN577.A,VdWContact,,0.012933333333333333
114,LEU137.C,PRO446.A,VdWContact,,0.0127
115,HIS138.C,THR464.A,Hbond,Sidechain,0.012466666666666666
116,LEU137.C,PRO506.A,VdWContact,,0.012066666666666667
117,PRO134.C,THR439.A,Hbond,Backbone_Carbonyl,0.011766666666666667
118,HIS138.C,GLU570.A,Hbond,Sidechain,0.010866666666666667
119,PRO134.C,THR464.A,VdWContact,,0.009966666666666667
120,LEU130.C,LYS494.A,VdWContact,,0.009833333333333333
121,CYS139.C,ARG566.A,Hbond,C-terminus carboxylate,0.009233333333333333
122,SER131.C,VAL466.A,VdWContact,,0.008733333333333333
123,CYS139.C,LYS503.A,Anionic,C-terminus carboxylate,0.008733333333333333
124,SER131.C,THR470.A,Hbond,Sidechain,0.007
125,CYS139.C,LYS503.A,Hbond,C-terminus carboxylate,0.006966666666666667
126,CYS139.C,GLY504.A,VdWContact,,0.006633333333333333
127,SER131.C,SER496.A,VdWContact,,0.006466666666666667
128,HIS138.C,ARG574.A,PiCation,Sidechain,0.006
129,SER131.C,GLN469.A,Hbond,Sidechain,0.0057666666666666665
130,CYS139.C,PRO446.A,VdWContact,,0.0055
131,LYS136.C,ASN573.A,VdWContact,,0.0054666666666666665
132,LEU137.C,ASN573.A,VdWContact,,0.0054666666666666665
133,CYS139.C,GLN507.A,VdWContact,,0.005333333333333333
134,HIS138.C,GLN460.A,Hbond,Sidechain,0.005266666666666667
135,CYS139.C,SER463.A,VdWContact,,0.004633333333333333
136,PRO134.C,GLN469.A,VdWContact,,0.0045
137,CYS139.C,PHE462.A,VdWContact,,0.0044666666666666665
138,HIS138.C,SER463.A,Hbond,Backbone_Amide_N,0.0041333333333333335
139,HIS138.C,ALA465.A,VdWContact,,0.003833333333333333
140,HIS138.C,PHE462.A,VdWContact,,0.003766666666666667
141,LEU137.C,LEU447.A,VdWContact,,0.0037333333333333333
142,CYS139.C,LYS563.A,VdWContact,,0.0036333333333333335
143,LYS136.C,ILE569.A,VdWContact,,0.0036
144,LEU137.C,ARG574.A,VdWContact,,0.0031333333333333335
145,CYS139.C,GLN460.A,Hbond,C-terminus carboxylate,0.0031
146,LEU130.C,SER496.A,VdWContact,,0.0030666666666666668
147,LYS136.C,ARG574.A,VdWContact,,0.003033333333333333
148,LEU137.C,GLU570.A,VdWContact,,0.003
149,HIS138.C,ASN573.A,Hbond,Sidechain,0.003
150,LEU132.C,GLN616.A,VdWContact,,0.003
151,LYS136.C,PHE444.A,VdWContact,,0.0028666666666666667
152,CYS139.C,LYS563.A,Anionic,C-terminus carboxylate,0.0028666666666666667
153,VAL135.C,GLN577.A,VdWContact,,0.0028666666666666667
154,CYS139.C,GLN577.A,Hbond,C-terminus carboxylate,0.0028333333333333335
155,CYS139.C,SER445.A,VdWContact,,0.0028
156,LEU137.C,ARG566.A,VdWContact,,0.0027
157,SER131.C,GLN469.A,Hbond,Backbone_Amide_N,0.0026666666666666666
158,HIS138.C,SER445.A,VdWContact,,0.0026
159,HIS138.C,ARG566.A,VdWContact,,0.002533333333333333
160,LEU137.C,LYS503.A,VdWContact,,0.0025
161,VAL135.C,ARG574.A,VdWContact,,0.0023666666666666667
162,CYS139.C,LYS563.A,Hbond,C-terminus carboxylate,0.0023333333333333335
163,LEU137.C,GLN577.A,VdWContact,,0.0023
164,LYS136.C,THR439.A,Hbond,Backbone_Amide_N,0.002266666666666667
165,HIS138.C,ILE461.A,Hbond,Sidechain,0.002266666666666667
166,HIS138.C,SER463.A,Hbond,Sidechain,0.002266666666666667
167,HIS138.C,ARG574.A,Hbond,Sidechain,0.002266666666666667
168,LEU130.C,VAL472.A,VdWContact,,0.0022333333333333333
169,CYS139.C,GLU570.A,Hbond,Sidechain,0.0019666666666666665
170,LYS136.C,ARG574.A,Hbond,Backbone_Carbonyl,0.0018666666666666666
171,SER131.C,SER496.A,Hbond,Sidechain,0.0018333333333333333
172,LEU137.C,THR464.A,VdWContact,,0.0017666666666666666
173,SER131.C,ARG475.A,VdWContact,,0.0017666666666666666
174,LEU130.C,GLY468.A,Hbond,N-terminus amine,0.0017333333333333333
175,CYS139.C,ASN573.A,Hbond,C-terminus carboxylate,0.0016666666666666668
176,CYS139.C,ASN573.A,Hbond,Sidechain,0.0016333333333333334
177,HIS138.C,GLY504.A,Hbond,Sidechain,0.0016
178,LEU137.C,ARG566.A,Hbond,Backbone_Carbonyl,0.0016
179,CYS139.C,ALA465.A,VdWContact,,0.0015666666666666667
180,LEU130.C,LEU495.A,VdWContact,,0.0015333333333333334
181,VAL135.C,LYS503.A,VdWContact,,0.0015
182,HIS138.C,ARG574.A,Hbond,Backbone_Carbonyl,0.0014666666666666667
183,HIS138.C,ILE461.A,Hbond,Backbone_Amide_N,0.0013333333333333333
184,SER131.C,GLY471.A,Hbond,Backbone_Amide_N,0.0013
185,HIS138.C,LYS503.A,Hbond,Sidechain,0.0013
186,LYS136.C,ASN573.A,Hbond,Backbone_Carbonyl,0.0013
187,VAL135.C,GLN616.A,VdWContact,,0.0011666666666666668
188,CYS139.C,LEU447.A,VdWContact,,0.0009666666666666667
189,CYS139.C,GLN460.A,Hbond,Backbone_Amide_N,0.0009666666666666667
190,LEU130.C,ARG475.A,VdWContact,,0.0009333333333333333
191,LYS136.C,ARG566.A,Hbond,Backbone_Carbonyl,0.0009
192,HIS138.C,GLN460.A,Hbond,Backbone_Carbonyl,0.0008666666666666666
193,HIS138.C,GLN577.A,Hbond,Sidechain,0.0008666666666666666
194,PRO133.C,TYR440.A,Hbond,Backbone_Carbonyl,0.0008333333333333334
195,HIS138.C,PRO506.A,VdWContact,,0.0008333333333333334
196,HIS138.C,ASP576.A,VdWContact,,0.0008333333333333334
197,HIS138.C,ARG566.A,Hbond,Backbone_Carbonyl,0.0008
198,CYS139.C,ILE578.A,VdWContact,,0.0007666666666666667
199,LEU137.C,THR439.A,VdWContact,,0.0007333333333333333
200,HIS138.C,GLN507.A,Hbond,Backbone_Carbonyl,0.0007333333333333333
201,LEU137.C,ILE569.A,VdWContact,,0.0007333333333333333
202,LYS136.C,ASN573.A,Hbond,Sidechain,0.0007
203,LEU137.C,ARG574.A,Hbond,Backbone_Carbonyl,0.0007
204,HIS138.C,ASP576.A,Hbond,Sidechain,0.0007
205,CYS139.C,GLN577.A,Hbond,Sidechain,0.0007
206,HIS138.C,SER445.A,Hbond,Sidechain,0.0006666666666666666
207,CYS139.C,SER445.A,Hbond,C-terminus carboxylate,0.0006666666666666666
208,LYS136.C,PRO446.A,VdWContact,,0.0006666666666666666
209,CYS139.C,LYS458.A,VdWContact,,0.0006666666666666666
210,LEU132.C,THR464.A,VdWContact,,0.0006666666666666666
211,CYS139.C,VAL443.A,VdWContact,,0.0006333333333333333
212,CYS139.C,GLN507.A,Hbond,Sidechain,0.0006333333333333333
213,VAL135.C,GLU570.A,VdWContact,,0.0006
214,CYS139.C,ASN573.A,Hbond,Backbone_Amide_N,0.0005666666666666667
215,CYS139.C,VAL505.A,VdWContact,,0.0005333333333333334
216,PRO134.C,VAL510.A,VdWContact,,0.0005333333333333334
217,CYS139.C,THR439.A,VdWContact,,0.0005
218,LEU137.C,SER463.A,Hbond,Backbone_Amide_N,0.0005
219,CYS139.C,PRO449.A,VdWContact,,0.00046666666666666666
220,CYS139.C,LYS458.A,Anionic,C-terminus carboxylate,0.00046666666666666666
221,HIS138.C,ASN573.A,Hbond,Backbone_Carbonyl,0.00046666666666666666
222,LEU137.C,SER463.A,Hbond,Backbone_Carbonyl,0.0004333333333333333
223,SER131.C,ARG475.A,Hbond,Backbone_Carbonyl,0.0004333333333333333
224,HIS138.C,PRO506.A,Hbond,Sidechain,0.0004333333333333333
225,CYS139.C,THR459.A,VdWContact,,0.0004
226,CYS139.C,GLN460.A,Hbond,Sidechain,0.0004
227,CYS139.C,THR464.A,VdWContact,,0.0004
228,LEU130.C,LYS494.A,Hbond,Backbone_Carbonyl,0.0004
229,CYS139.C,GLU567.A,VdWContact,,0.0004
230,LYS136.C,GLU567.A,Cationic,Sidechain,0.0004
231,LEU137.C,ASN573.A,Hbond,Backbone_Carbonyl,0.0004
232,CYS139.C,TYR440.A,VdWContact,,0.00036666666666666667
233,LYS136.C,PHE462.A,CationPi,Sidechain,0.00036666666666666667
234,SER131.C,GLN469.A,Hbond,Backbone_Carbonyl,0.00036666666666666667
235,LEU132.C,GLU473.A,Hbond,Backbone_Amide_N,0.00036666666666666667
236,CYS139.C,ILE569.A,VdWContact,,0.00036666666666666667
237,LYS136.C,THR439.A,Hbond,Sidechain,0.0003
238,LEU137.C,GLN460.A,Hbond,Backbone_Carbonyl,0.0003
239,SER131.C,THR464.A,VdWContact,,0.0003
240,CYS139.C,GLY504.A,Hbond,Backbone_Amide_N,0.0003
241,CYS139.C,LYS458.A,Hbond,C-terminus carboxylate,0.0002666666666666667
242,HIS138.C,SER463.A,Hbond,Backbone_Carbonyl,0.0002666666666666667
243,CYS139.C,ALA465.A,Hbond,Sidechain,0.0002666666666666667
244,SER131.C,VAL472.A,Hbond,Sidechain,0.0002666666666666667
245,SER131.C,ARG475.A,Hbond,Sidechain,0.0002666666666666667
246,CYS139.C,ALA571.A,VdWContact,,0.0002666666666666667
247,LYS136.C,PHE444.A,Hbond,Sidechain,0.00023333333333333333
248,HIS138.C,PRO446.A,VdWContact,,0.00023333333333333333
249,PRO133.C,ILE474.A,VdWContact,,0.00023333333333333333
250,SER131.C,LEU495.A,VdWContact,,0.00023333333333333333
251,HIS138.C,ARG566.A,PiCation,Sidechain,0.00023333333333333333
252,CYS139.C,GLU570.A,Hbond,Backbone_Amide_N,0.00023333333333333333
253,LYS136.C,PRO446.A,Hbond,Sidechain,0.0002
254,HIS138.C,PHE462.A,PiStacking,Sidechain,0.0002
255,PRO133.C,THR464.A,VdWContact,,0.0002
256,LEU132.C,ARG475.A,VdWContact,,0.0002
257,HIS138.C,ILE569.A,VdWContact,,0.0002
258,CYS139.C,LYS627.A,VdWContact,,0.0002
259,PRO133.C,GLY441.A,VdWContact,,0.00016666666666666666
260,CYS139.C,PHE444.A,VdWContact,,0.00016666666666666666
261,CYS139.C,ILE461.A,Hbond,Sidechain,0.00016666666666666666
262,LEU137.C,ALA465.A,VdWContact,,0.00016666666666666666
263,CYS139.C,LYS503.A,Hbond,Sidechain,0.00016666666666666666
264,VAL135.C,ILE569.A,VdWContact,,0.00016666666666666666
265,LEU137.C,GLN577.A,Hbond,Backbone_Carbonyl,0.00016666666666666666
266,CYS139.C,SER445.A,Hbond,Sidechain,0.00013333333333333334
267,CYS139.C,PRO446.A,Hbond,Sidechain,0.00013333333333333334
268,HIS138.C,ALA465.A,Hbond,Sidechain,0.00013333333333333334
269,SER131.C,LYS494.A,Hbond,Backbone_Carbonyl,0.00013333333333333334
270,HIS138.C,GLY504.A,Hbond,Backbone_Amide_N,0.00013333333333333334
271,HIS138.C,VAL505.A,VdWContact,,0.00013333333333333334
272,LEU137.C,VAL505.A,VdWContact,,0.00013333333333333334
273,HIS138.C,GLN507.A,Hbond,Backbone_Amide_N,0.00013333333333333334
274,HIS138.C,LYS563.A,VdWContact,,0.00013333333333333334
275,HIS138.C,GLU570.A,Hbond,Backbone_Amide_N,0.00013333333333333334
276,HIS138.C,GLN577.A,Hbond,Backbone_Carbonyl,0.00013333333333333334
277,LEU130.C,ASN580.A,VdWContact,,0.00013333333333333334
278,LEU130.C,GLN616.A,VdWContact,,0.00013333333333333334
279,CYS139.C,LYS627.A,Anionic,C-terminus carboxylate,0.00013333333333333334
280,CYS139.C,GLN634.A,VdWContact,,0.00013333333333333334
281,LYS136.C,TYR440.A,VdWContact,,0.0001
282,PRO133.C,GLY442.A,VdWContact,,0.0001
283,LEU137.C,VAL443.A,VdWContact,,0.0001
284,CYS139.C,LEU447.A,Hbond,Sidechain,0.0001
285,HIS138.C,ILE461.A,Hbond,Backbone_Carbonyl,0.0001
286,CYS139.C,SER463.A,Hbond,C-terminus carboxylate,0.0001
287,PRO133.C,THR464.A,Hbond,Backbone_Carbonyl,0.0001
288,SER131.C,THR464.A,Hbond,Sidechain,0.0001
289,LEU130.C,ASN492.A,VdWContact,,0.0001
290,HIS138.C,LYS503.A,PiCation,Sidechain,0.0001
291,LEU137.C,GLN507.A,Hbond,Backbone_Carbonyl,0.0001
292,LYS136.C,GLN577.A,VdWContact,,0.0001
293,CYS139.C,GLN616.A,VdWContact,,0.0001
294,CYS139.C,LYS627.A,Hbond,C-terminus carboxylate,0.0001
295,LEU137.C,TYR440.A,VdWContact,,6.666666666666667e-05
296,HIS138.C,THR459.A,VdWContact,,6.666666666666667e-05
297,CYS139.C,SER463.A,Hbond,Backbone_Amide_N,6.666666666666667e-05
298,PRO133.C,ALA465.A,Hbond,Backbone_Carbonyl,6.666666666666667e-05
299,SER131.C,LEU495.A,Hbond,Sidechain,6.666666666666667e-05
300,HIS138.C,VAL505.A,Hbond,Sidechain,6.666666666666667e-05
301,CYS139.C,GLN507.A,Hbond,Backbone_Amide_N,6.666666666666667e-05
302,HIS138.C,GLU567.A,VdWContact,,6.666666666666667e-05
303,LYS136.C,GLN577.A,Hbond,Backbone_Carbonyl,6.666666666666667e-05
304,CYS139.C,GLN577.A,Hbond,Backbone_Amide_N,6.666666666666667e-05
305,HIS138.C,ILE578.A,VdWContact,,6.666666666666667e-05
306,HIS138.C,ASN580.A,VdWContact,,6.666666666666667e-05
307,CYS139.C,ASP581.A,VdWContact,,6.666666666666667e-05
308,LEU130.C,ALA617.A,VdWContact,,6.666666666666667e-05
309,HIS138.C,THR439.A,VdWContact,,3.3333333333333335e-05
310,CYS139.C,THR439.A,Hbond,Sidechain,3.3333333333333335e-05
311,LEU132.C,GLY441.A,VdWContact,,3.3333333333333335e-05
312,HIS138.C,PRO446.A,Hbond,Sidechain,3.3333333333333335e-05
313,CYS139.C,THR459.A,Hbond,Sidechain,3.3333333333333335e-05
314,HIS138.C,GLN460.A,Hbond,Backbone_Amide_N,3.3333333333333335e-05
315,LEU132.C,THR464.A,Hbond,Backbone_Carbonyl,3.3333333333333335e-05
316,CYS139.C,THR464.A,Hbond,Sidechain,3.3333333333333335e-05
317,SER131.C,ALA465.A,VdWContact,,3.3333333333333335e-05
318,SER131.C,THR470.A,Hbond,Backbone_Amide_N,3.3333333333333335e-05
319,LEU130.C,SER496.A,Hbond,Backbone_Carbonyl,3.3333333333333335e-05
320,CYS139.C,GLN507.A,Hbond,C-terminus carboxylate,3.3333333333333335e-05
321,LEU137.C,ILE508.A,VdWContact,,3.3333333333333335e-05
322,HIS138.C,ARG566.A,Hbond,Sidechain,3.3333333333333335e-05
323,LYS136.C,ARG566.A,Hbond,Sidechain,3.3333333333333335e-05
324,HIS138.C,GLU567.A,Hbond,Sidechain,3.3333333333333335e-05
325,HIS138.C,ASN573.A,Hbond,Backbone_Amide_N,3.3333333333333335e-05
326,CYS139.C,ARG574.A,Hbond,Sidechain,3.3333333333333335e-05
327,LEU132.C,GLN577.A,VdWContact,,3.3333333333333335e-05
328,CYS139.C,THR630.A,VdWContact,,3.3333333333333335e-05
